Time,AKN,Energy,Std
2024-05-01 00:00:00,269.6,35.9,25.9
2024-05-01 00:05:00,269.6,35.9,25.9
2024-05-01 00:10:00,278.0,36.0,25.9
2024-05-01 00:15:00,282.3,36.5,25.9
2024-05-01 00:20:00,285.0,36.4,25.9
2024-05-01 00:25:00,273.7,35.9,25.9
2024-05-01 00:30:00,261.8,35.4,26.0
2024-05-01 00:35:00,249.2,35.4,26.0
2024-05-01 00:40:00,255.8,36.5,25.8
2024-05-01 00:45:00,262.6,36.3,25.8
2024-05-01 00:50:00,265.9,36.6,25.8
2024-05-01 00:55:00,267.3,35.8,25.9
2024-05-01 01:00:00,267.1,35.7,25.8
2024-05-01 01:05:00,268.5,35.3,25.9
2024-05-01 01:10:00,262.9,35.2,26.1
2024-05-01 01:15:00,262.3,35.2,26.2
2024-05-01 01:20:00,258.8,35.3,26.3
2024-05-01 01:25:00,254.8,35.4,26.1
2024-05-01 01:30:00,248.5,35.3,26.1
2024-05-01 01:35:00,258.7,34.8,26.2
2024-05-01 01:40:00,257.8,34.8,26.3
2024-05-01 01:45:00,253.8,35.1,26.2
2024-05-01 01:50:00,243.7,35.8,26.1
2024-05-01 01:55:00,248.7,35.7,26.0
2024-05-01 02:00:00,258.0,36.0,25.9
2024-05-01 02:05:00,256.6,35.5,25.9
2024-05-01 02:10:00,259.8,35.7,25.9
2024-05-01 02:15:00,264.3,35.4,26.1
2024-05-01 02:20:00,259.1,35.4,26.1
2024-05-01 02:25:00,248.6,35.3,26.1
2024-05-01 02:30:00,241.1,35.5,25.9
2024-05-01 02:35:00,242.3,35.7,26.0
2024-05-01 02:40:00,241.3,35.8,26.1
2024-05-01 02:45:00,236.4,35.6,26.2
2024-05-01 02:50:00,249.6,35.8,26.1
2024-05-01 02:55:00,248.3,35.7,26.1
2024-05-01 03:00:00,250.6,35.3,26.2
2024-05-01 03:05:00,232.7,35.1,26.2
2024-05-01 03:10:00,233.4,34.7,26.2
2024-05-01 03:15:00,237.8,34.6,26.1
2024-05-01 03:20:00,242.8,35.0,26.0
2024-05-01 03:25:00,247.7,35.3,26.0
2024-05-01 03:30:00,253.8,35.6,25.9
2024-05-01 03:35:00,251.8,35.0,26.1
2024-05-01 03:40:00,238.8,35.1,26.1
2024-05-01 03:45:00,227.0,34.8,26.1
2024-05-01 03:50:00,229.4,35.2,26.1
2024-05-01 03:55:00,230.5,35.0,26.0
2024-05-01 04:00:00,228.5,39.5,28.1
2024-05-01 04:05:00,227.2,40.5,29.4
2024-05-01 04:10:00,232.6,40.8,29.5
2024-05-01 04:15:00,239.1,37.0,26.3
2024-05-01 04:20:00,243.6,36.0,26.0
2024-05-01 04:25:00,238.6,35.8,26.0
2024-05-01 04:30:00,231.0,35.1,26.1
2024-05-01 04:35:00,220.0,34.7,26.1
2024-05-01 04:40:00,223.0,35.0,26.1
2024-05-01 04:45:00,219.9,34.9,26.0
2024-05-01 04:50:00,223.3,34.9,26.0
2024-05-01 04:55:00,221.3,34.9,26.1
2024-05-01 05:00:00,218.0,35.1,26.1
2024-05-01 05:05:00,214.0,35.1,26.1
2024-05-01 05:10:00,209.8,34.8,26.0
2024-05-01 05:15:00,213.6,34.5,26.0
2024-05-01 05:20:00,224.4,34.4,26.0
2024-05-01 05:25:00,223.9,34.3,26.1
2024-05-01 05:30:00,221.8,34.4,26.2
2024-05-01 05:35:00,216.4,34.4,26.2
2024-05-01 05:40:00,217.4,34.5,26.3
2024-05-01 05:45:00,222.9,34.4,26.3
2024-05-01 05:50:00,218.2,34.6,26.4
2024-05-01 05:55:00,220.1,34.4,26.3
2024-05-01 06:00:00,218.0,34.4,26.2
2024-05-01 06:05:00,232.9,34.2,26.2
2024-05-01 06:10:00,229.4,35.0,26.0
2024-05-01 06:15:00,230.8,35.0,26.1
2024-05-01 06:20:00,217.6,34.9,26.0
2024-05-01 06:25:00,217.6,34.6,26.1
2024-05-01 06:30:00,228.8,34.9,26.0
2024-05-01 06:35:00,227.5,34.9,26.1
2024-05-01 06:40:00,229.0,34.6,26.2
2024-05-01 06:45:00,204.8,34.8,26.2
2024-05-01 06:50:00,202.9,44.5,24.4
2024-05-01 06:55:00,228.0,45.7,24.4
2024-05-01 07:00:00,232.1,45.3,24.2
2024-05-01 07:05:00,233.6,35.8,25.9
2024-05-01 07:10:00,217.0,34.5,26.3
2024-05-01 07:15:00,236.0,35.0,26.2
2024-05-01 07:20:00,266.5,35.2,26.3
2024-05-01 07:25:00,267.0,35.4,26.2
2024-05-01 07:30:00,244.5,35.1,26.2
2024-05-01 07:35:00,208.4,35.1,26.1
2024-05-01 07:40:00,197.9,35.8,26.0
2024-05-01 07:45:00,199.3,36.0,26.0
2024-05-01 07:50:00,202.6,35.8,26.0
2024-05-01 07:55:00,237.8,35.1,26.2
2024-05-01 08:00:00,246.2,34.7,26.3
2024-05-01 08:05:00,259.9,34.8,26.4
2024-05-01 08:10:00,220.8,35.7,26.1
2024-05-01 08:15:00,215.3,35.9,26.0
2024-05-01 08:20:00,222.1,35.8,25.8
2024-05-01 08:25:00,229.0,35.0,26.1
2024-05-01 08:30:00,242.1,35.0,26.2
2024-05-01 08:35:00,230.1,34.8,26.3
2024-05-01 08:40:00,222.2,34.7,26.2
2024-05-01 08:45:00,205.8,34.6,26.2
2024-05-01 08:50:00,195.1,41.8,25.3
2024-05-01 08:55:00,186.5,41.8,25.4
2024-05-01 09:00:00,181.9,41.8,25.2
2024-05-01 09:05:00,175.4,34.9,26.2
2024-05-01 09:10:00,183.4,35.2,26.1
2024-05-01 09:15:00,184.3,35.6,26.0
2024-05-01 09:20:00,186.8,35.3,26.1
2024-05-01 09:25:00,185.3,35.0,26.2
2024-05-01 09:30:00,186.4,34.6,26.4
2024-05-01 09:35:00,185.0,34.6,26.3
2024-05-01 09:40:00,182.4,34.6,26.3
2024-05-01 09:45:00,178.6,34.5,26.3
2024-05-01 09:50:00,178.7,34.8,26.3
2024-05-01 09:55:00,184.9,34.7,26.4
2024-05-01 10:00:00,187.6,34.7,26.4
2024-05-01 10:05:00,187.1,35.7,26.3
2024-05-01 10:10:00,180.6,36.2,26.4
2024-05-01 10:15:00,179.6,36.3,26.2
2024-05-01 10:20:00,181.1,35.3,26.2
2024-05-01 10:25:00,183.3,35.0,26.1
2024-05-01 10:30:00,178.9,35.4,26.1
2024-05-01 10:35:00,177.3,35.5,26.1
2024-05-01 10:40:00,176.3,36.4,26.0
2024-05-01 10:45:00,178.8,36.9,26.2
2024-05-01 10:50:00,181.5,37.3,26.2
2024-05-01 10:55:00,183.6,36.5,26.3
2024-05-01 11:00:00,180.6,35.9,26.3
2024-05-01 11:05:00,177.8,35.5,26.4
2024-05-01 11:10:00,180.9,63.1,26.2
2024-05-01 11:15:00,188.8,69.5,27.8
2024-05-01 11:20:00,189.6,69.5,27.8
2024-05-01 11:25:00,184.5,41.9,24.8
2024-05-01 11:30:00,179.2,61.1,25.5
2024-05-01 11:35:00,174.5,71.1,27.8
2024-05-01 11:40:00,172.8,70.8,27.6
2024-05-01 11:45:00,170.8,45.0,24.4
2024-05-01 11:50:00,169.8,34.7,26.6
2024-05-01 11:55:00,166.0,35.5,26.5
2024-05-01 12:00:00,171.0,38.3,26.6
2024-05-01 12:05:00,171.5,39.7,27.3
2024-05-01 12:10:00,175.1,39.8,27.2
2024-05-01 12:15:00,174.1,37.4,26.5
2024-05-01 12:20:00,174.7,36.8,26.4
2024-05-01 12:25:00,167.5,36.3,26.5
2024-05-01 12:30:00,159.7,36.3,26.5
2024-05-01 12:35:00,160.4,36.3,26.5
2024-05-01 12:40:00,160.7,36.4,26.5
2024-05-01 12:45:00,163.4,36.8,26.4
2024-05-01 12:50:00,160.8,41.2,25.2
2024-05-01 12:55:00,163.1,41.1,25.1
2024-05-01 13:00:00,161.8,40.2,25.2
2024-05-01 13:05:00,159.5,35.8,26.2
2024-05-01 13:10:00,151.7,35.7,26.1
2024-05-01 13:15:00,152.1,35.6,26.1
2024-05-01 13:20:00,150.9,34.9,26.3
2024-05-01 13:25:00,157.9,34.9,26.4
2024-05-01 13:30:00,162.4,34.9,26.5
2024-05-01 13:35:00,167.8,34.9,26.5
2024-05-01 13:40:00,164.7,35.0,26.5
2024-05-01 13:45:00,155.1,35.0,26.5
2024-05-01 13:50:00,151.6,35.0,26.6
2024-05-01 13:55:00,147.4,35.0,26.5
2024-05-01 14:00:00,158.3,35.0,26.6
2024-05-01 14:05:00,175.6,35.0,26.6
2024-05-01 14:10:00,186.7,34.8,26.6
2024-05-01 14:15:00,185.9,34.7,26.6
2024-05-01 14:20:00,189.8,45.1,24.5
2024-05-01 14:25:00,186.8,47.4,24.6
2024-05-01 14:30:00,185.2,47.8,24.9
2024-05-01 14:35:00,160.7,37.8,26.0
2024-05-01 14:40:00,155.8,36.8,26.6
2024-05-01 14:45:00,149.7,36.8,26.6
2024-05-01 14:50:00,151.0,36.7,26.6
2024-05-01 14:55:00,150.3,35.6,26.5
2024-05-01 15:00:00,149.0,35.5,26.4
2024-05-01 15:05:00,147.2,36.0,26.6
2024-05-01 15:10:00,147.6,35.9,26.6
2024-05-01 15:15:00,150.0,35.7,26.6
2024-05-01 15:20:00,150.6,35.2,26.4
2024-05-01 15:25:00,151.5,35.2,26.4
2024-05-01 15:30:00,146.1,35.5,26.4
2024-05-01 15:35:00,147.0,35.4,26.4
2024-05-01 15:40:00,145.1,35.3,26.5
2024-05-01 15:45:00,146.8,35.2,26.4
2024-05-01 15:50:00,145.7,35.3,26.5
2024-05-01 15:55:00,146.9,35.2,26.5
2024-05-01 16:00:00,150.7,35.1,26.4
2024-05-01 16:05:00,150.0,35.4,26.2
2024-05-01 16:10:00,147.6,35.5,26.1
2024-05-01 16:15:00,141.9,35.4,26.1
2024-05-01 16:20:00,139.5,35.0,26.2
2024-05-01 16:25:00,138.8,34.9,26.2
2024-05-01 16:30:00,138.3,35.1,26.1
2024-05-01 16:35:00,144.6,35.1,26.0
2024-05-01 16:40:00,145.9,34.8,26.0
2024-05-01 16:45:00,149.9,34.5,26.0
2024-05-01 16:50:00,149.5,35.0,25.9
2024-05-01 16:55:00,151.2,35.3,25.9
2024-05-01 17:00:00,151.7,35.9,25.9
2024-05-01 17:05:00,138.1,36.4,26.0
2024-05-01 17:10:00,134.6,36.6,26.0
2024-05-01 17:15:00,130.3,36.0,25.7
2024-05-01 17:20:00,138.5,35.1,25.4
2024-05-01 17:25:00,140.8,34.9,25.4
2024-05-01 17:30:00,147.3,34.9,25.4
2024-05-01 17:35:00,148.3,34.8,25.4
2024-05-01 17:40:00,146.7,34.7,25.4
2024-05-01 17:45:00,141.4,34.8,25.4
2024-05-01 17:50:00,142.0,35.0,25.4
2024-05-01 17:55:00,144.5,35.0,25.4
2024-05-01 18:00:00,144.0,34.8,25.4
2024-05-01 18:05:00,142.4,34.8,25.4
2024-05-01 18:10:00,137.8,37.7,24.8
2024-05-01 18:15:00,139.4,37.6,24.7
2024-05-01 18:20:00,136.3,37.5,24.6
2024-05-01 18:25:00,134.1,34.3,25.3
2024-05-01 18:30:00,132.8,49.0,45.1
2024-05-01 18:35:00,136.9,51.7,51.0
2024-05-01 18:40:00,136.9,52.8,53.5
2024-05-01 18:45:00,135.2,39.1,27.7
2024-05-01 18:50:00,131.3,40.8,29.6
2024-05-01 18:55:00,135.0,40.9,29.8
2024-05-01 19:00:00,133.2,42.7,32.7
2024-05-01 19:05:00,133.5,49.1,45.5
2024-05-01 19:10:00,131.5,51.7,50.8
2024-05-01 19:15:00,131.5,52.3,51.8
2024-05-01 19:20:00,131.6,43.7,34.0
2024-05-01 19:25:00,130.0,40.5,29.3
2024-05-01 19:30:00,130.1,37.8,26.6
2024-05-01 19:35:00,128.0,36.0,25.5
2024-05-01 19:40:00,130.4,36.8,25.3
2024-05-01 19:45:00,131.6,36.7,25.4
2024-05-01 19:50:00,133.2,36.6,25.4
2024-05-01 19:55:00,131.0,40.6,24.5
2024-05-01 20:00:00,129.2,40.5,24.3
2024-05-01 20:05:00,128.7,40.7,24.3
2024-05-01 20:10:00,128.9,35.3,25.5
2024-05-01 20:15:00,131.3,34.8,25.4
2024-05-01 20:20:00,133.6,44.1,23.9
2024-05-01 20:25:00,132.6,51.8,24.0
2024-05-01 20:30:00,128.1,55.8,24.8
2024-05-01 20:35:00,119.3,46.3,24.0
2024-05-01 20:40:00,117.0,39.2,24.5
2024-05-01 20:45:00,119.3,35.2,25.4
2024-05-01 20:50:00,121.3,35.2,25.4
2024-05-01 20:55:00,120.6,34.7,25.6
2024-05-01 21:00:00,119.8,34.8,25.5
2024-05-01 21:05:00,122.5,34.6,25.5
2024-05-01 21:10:00,122.8,34.4,25.5
2024-05-01 21:15:00,118.0,34.4,25.5
2024-05-01 21:20:00,119.7,36.0,25.0
2024-05-01 21:25:00,120.1,39.4,24.0
2024-05-01 21:30:00,123.6,43.6,23.7
2024-05-01 21:35:00,121.5,45.8,23.7
2024-05-01 21:40:00,122.8,46.2,23.9
2024-05-01 21:45:00,120.6,45.5,23.8
2024-05-01 21:50:00,118.4,45.2,23.7
2024-05-01 21:55:00,117.1,44.8,23.7
2024-05-01 22:00:00,118.0,44.9,23.6
2024-05-01 22:05:00,119.7,45.1,23.5
2024-05-01 22:10:00,118.7,45.5,23.8
2024-05-01 22:15:00,118.4,44.7,23.9
2024-05-01 22:20:00,120.8,47.3,27.7
2024-05-01 22:25:00,125.1,47.4,29.2
2024-05-01 22:30:00,124.3,48.4,29.5
2024-05-01 22:35:00,120.9,44.6,24.9
2024-05-01 22:40:00,117.1,44.7,23.8
2024-05-01 22:45:00,116.6,42.8,23.9
2024-05-01 22:50:00,113.4,40.5,24.2
2024-05-01 22:55:00,111.8,36.8,25.0
2024-05-01 23:00:00,112.8,35.0,25.6
2024-05-01 23:05:00,116.6,34.9,25.5
2024-05-01 23:10:00,118.4,34.8,25.5
2024-05-01 23:15:00,121.0,34.8,25.5
2024-05-01 23:20:00,121.4,34.6,25.5
2024-05-01 23:25:00,119.2,34.5,25.5
2024-05-01 23:30:00,113.0,34.5,25.5
2024-05-01 23:35:00,110.6,34.7,25.5
2024-05-01 23:40:00,112.7,34.6,25.4
2024-05-01 23:45:00,114.4,34.6,25.3
2024-05-01 23:50:00,112.3,34.4,25.4
2024-05-01 23:55:00,112.6,34.4,25.5
2024-05-02 00:00:00,,,
2024-05-02 00:05:00,110.3,34.7,25.3
2024-05-02 00:10:00,109.8,35.6,25.0
2024-05-02 00:15:00,115.2,35.7,24.9
2024-05-02 00:20:00,119.1,35.7,25.0
2024-05-02 00:25:00,123.3,37.7,24.5
2024-05-02 00:30:00,125.6,37.4,24.6
2024-05-02 00:35:00,121.6,37.4,24.6
2024-05-02 00:40:00,121.4,34.5,25.4
2024-05-02 00:45:00,124.0,34.3,25.4
2024-05-02 00:50:00,151.2,34.1,25.3
2024-05-02 00:55:00,168.1,34.0,25.4
2024-05-02 01:00:00,175.5,34.1,25.3
2024-05-02 01:05:00,160.3,39.3,28.2
2024-05-02 01:10:00,145.4,39.4,28.3
2024-05-02 01:15:00,130.6,39.6,28.6
2024-05-02 01:20:00,118.1,35.3,25.1
2024-05-02 01:25:00,112.8,35.3,25.2
2024-05-02 01:30:00,108.7,35.7,25.2
2024-05-02 01:35:00,106.1,35.1,25.3
2024-05-02 01:40:00,104.9,35.6,25.4
2024-05-02 01:45:00,104.1,35.4,25.5
2024-05-02 01:50:00,106.3,40.0,29.0
2024-05-02 01:55:00,106.0,41.6,31.1
2024-05-02 02:00:00,108.6,41.7,31.1
2024-05-02 02:05:00,109.8,38.0,26.8
2024-05-02 02:10:00,110.4,36.5,25.7
2024-05-02 02:15:00,108.0,36.4,25.7
2024-05-02 02:20:00,103.3,35.6,25.5
2024-05-02 02:25:00,102.9,34.8,25.5
2024-05-02 02:30:00,103.3,34.7,25.5
2024-05-02 02:35:00,103.9,34.6,25.5
2024-05-02 02:40:00,101.8,34.8,25.5
2024-05-02 02:45:00,100.9,34.6,25.5
2024-05-02 02:50:00,103.9,35.0,25.7
2024-05-02 02:55:00,105.7,35.0,25.6
2024-05-02 03:00:00,106.7,35.2,25.6
2024-05-02 03:05:00,106.3,35.1,25.6
2024-05-02 03:10:00,105.0,34.9,25.6
2024-05-02 03:15:00,106.9,35.1,25.6
2024-05-02 03:20:00,103.5,34.8,25.5
2024-05-02 03:25:00,102.2,34.9,25.5
2024-05-02 03:30:00,99.5,34.6,25.6
2024-05-02 03:35:00,99.0,34.5,25.6
2024-05-02 03:40:00,99.1,34.8,25.5
2024-05-02 03:45:00,97.0,36.5,25.9
2024-05-02 03:50:00,99.6,42.0,31.7
2024-05-02 03:55:00,102.5,42.5,32.4
2024-05-02 04:00:00,104.1,41.7,31.4
2024-05-02 04:05:00,102.6,36.8,26.1
2024-05-02 04:10:00,98.5,36.8,26.1
2024-05-02 04:15:00,100.0,36.1,25.8
2024-05-02 04:20:00,98.1,35.7,25.7
2024-05-02 04:25:00,99.0,34.9,25.5
2024-05-02 04:30:00,95.6,38.1,26.9
2024-05-02 04:35:00,97.7,42.2,32.1
2024-05-02 04:40:00,97.4,42.9,33.0
2024-05-02 04:45:00,99.3,40.3,29.2
2024-05-02 04:50:00,98.5,36.3,25.6
2024-05-02 04:55:00,97.8,36.5,25.7
2024-05-02 05:00:00,94.2,35.8,25.5
2024-05-02 05:05:00,95.8,35.6,25.5
2024-05-02 05:10:00,93.7,34.7,25.3
2024-05-02 05:15:00,96.0,34.8,25.4
2024-05-02 05:20:00,93.3,38.5,27.3
2024-05-02 05:25:00,96.9,40.1,29.1
2024-05-02 05:30:00,97.2,39.9,28.9
2024-05-02 05:35:00,97.0,36.1,25.7
2024-05-02 05:40:00,96.5,34.7,25.5
2024-05-02 05:45:00,95.3,34.6,25.4
2024-05-02 05:50:00,95.8,34.6,25.5
2024-05-02 05:55:00,97.0,34.8,25.4
2024-05-02 06:00:00,96.4,35.1,25.4
2024-05-02 06:05:00,94.4,35.4,25.3
2024-05-02 06:10:00,93.5,35.5,25.5
2024-05-02 06:15:00,94.3,35.4,25.4
2024-05-02 06:20:00,96.7,35.2,25.4
2024-05-02 06:25:00,96.0,34.8,25.2
2024-05-02 06:30:00,95.6,34.8,25.3
2024-05-02 06:35:00,94.8,34.9,25.3
2024-05-02 06:40:00,91.6,34.8,25.4
2024-05-02 06:45:00,90.0,35.0,25.4
2024-05-02 06:50:00,89.2,34.9,25.3
2024-05-02 06:55:00,95.1,35.5,25.1
2024-05-02 07:00:00,96.7,35.3,25.1
2024-05-02 07:05:00,98.3,35.3,25.1
2024-05-02 07:10:00,96.7,34.5,25.3
2024-05-02 07:15:00,101.2,34.5,25.3
2024-05-02 07:20:00,107.7,34.4,25.2
2024-05-02 07:25:00,110.8,34.6,25.3
2024-05-02 07:30:00,114.8,34.5,25.2
2024-05-02 07:35:00,123.4,34.5,25.2
2024-05-02 07:40:00,134.0,34.5,25.2
2024-05-02 07:45:00,143.4,34.5,25.3
2024-05-02 07:50:00,142.2,34.6,25.3
2024-05-02 07:55:00,135.6,34.6,25.3
2024-05-02 08:00:00,133.3,34.9,25.3
2024-05-02 08:05:00,126.3,34.9,25.2
2024-05-02 08:10:00,122.3,34.7,25.2
2024-05-02 08:15:00,111.2,34.6,25.1
2024-05-02 08:20:00,105.1,34.6,25.1
2024-05-02 08:25:00,104.8,37.3,25.8
2024-05-02 08:30:00,102.7,39.6,28.2
2024-05-02 08:35:00,103.0,39.7,28.4
2024-05-02 08:40:00,104.3,42.9,26.0
2024-05-02 08:45:00,103.3,41.1,23.9
2024-05-02 08:50:00,103.2,41.3,23.8
2024-05-02 08:55:00,97.3,35.6,24.8
2024-05-02 09:00:00,98.1,35.0,25.0
2024-05-02 09:05:00,98.6,34.6,25.1
2024-05-02 09:10:00,100.6,34.6,25.1
2024-05-02 09:15:00,,,
2024-05-02 09:20:00,,,
2024-05-02 09:25:00,,,
2024-05-02 09:30:00,,,
2024-05-02 09:35:00,,,
2024-05-02 09:40:00,,,
2024-05-02 09:45:00,,,
2024-05-02 09:50:00,,,
2024-05-02 09:55:00,,,
2024-05-02 10:00:00,,,
2024-05-02 10:05:00,,,
2024-05-02 10:10:00,,,
2024-05-02 10:15:00,,,
2024-05-02 10:20:00,,,
2024-05-02 10:25:00,,,
2024-05-02 10:30:00,,,
2024-05-02 10:35:00,,,
2024-05-02 10:40:00,,,
2024-05-02 10:45:00,,,
2024-05-02 10:50:00,,,
2024-05-02 10:55:00,,,
2024-05-02 11:00:00,,,
2024-05-02 11:05:00,,,
2024-05-02 11:10:00,,,
2024-05-02 11:15:00,,,
2024-05-02 11:20:00,,,
2024-05-02 11:25:00,,,
2024-05-02 11:30:00,,,
2024-05-02 11:35:00,,,
2024-05-02 11:40:00,,,
2024-05-02 11:45:00,,,
2024-05-02 11:50:00,,,
2024-05-02 11:55:00,,,
2024-05-02 12:00:00,,,
2024-05-02 12:05:00,,,
2024-05-02 12:10:00,,,
2024-05-02 12:15:00,112.6,59.2,24.2
2024-05-02 12:20:00,114.5,57.2,29.4
2024-05-02 12:25:00,113.1,57.2,29.3
2024-05-02 12:30:00,109.9,41.6,34.7
2024-05-02 12:35:00,114.6,35.8,24.4
2024-05-02 12:40:00,117.4,35.8,24.4
2024-05-02 12:45:00,117.9,35.5,24.6
2024-05-02 12:50:00,114.6,35.8,24.4
2024-05-02 12:55:00,112.1,35.9,24.4
2024-05-02 13:00:00,111.6,35.9,24.3
2024-05-02 13:05:00,107.1,39.6,26.9
2024-05-02 13:10:00,103.0,40.3,27.8
2024-05-02 13:15:00,110.8,40.6,28.2
2024-05-02 13:20:00,115.9,36.6,24.7
2024-05-02 13:25:00,124.7,36.1,24.3
2024-05-02 13:30:00,122.3,36.3,24.4
2024-05-02 13:35:00,116.8,36.6,24.5
2024-05-02 13:40:00,109.6,37.2,25.1
2024-05-02 13:45:00,106.1,43.5,33.0
2024-05-02 13:50:00,105.4,48.7,43.2
2024-05-02 13:55:00,107.2,49.7,45.1
2024-05-02 14:00:00,107.9,43.7,33.0
2024-05-02 14:05:00,107.2,38.8,26.1
2024-05-02 14:10:00,107.8,44.7,34.0
2024-05-02 14:15:00,127.9,46.3,35.7
2024-05-02 14:20:00,128.9,46.7,36.5
2024-05-02 14:25:00,126.5,39.4,25.9
2024-05-02 14:30:00,100.7,37.3,25.0
2024-05-02 14:35:00,102.1,37.0,24.5
2024-05-02 14:40:00,100.4,36.8,24.3
2024-05-02 14:45:00,101.8,44.7,34.4
2024-05-02 14:50:00,100.2,47.9,41.8
2024-05-02 14:55:00,97.8,49.2,43.5
2024-05-02 15:00:00,102.9,43.5,29.9
2024-05-02 15:05:00,103.1,40.0,25.2
2024-05-02 15:10:00,105.6,38.9,25.0
2024-05-02 15:15:00,103.3,36.4,24.6
2024-05-02 15:20:00,98.8,36.0,24.6
2024-05-02 15:25:00,100.5,35.6,24.4
2024-05-02 15:30:00,110.3,35.8,24.3
2024-05-02 15:35:00,115.1,39.5,26.9
2024-05-02 15:40:00,470.8,40.5,27.9
2024-05-02 15:45:00,459.5,40.2,28.1
2024-05-02 15:50:00,460.3,36.8,24.8
2024-05-02 15:55:00,102.9,36.0,24.4
2024-05-02 16:00:00,101.1,39.1,26.6
2024-05-02 16:05:00,96.7,40.0,27.6
2024-05-02 16:10:00,1153.3,47.2,40.6
2024-05-02 16:15:00,4559.7,47.3,40.8
2024-05-02 16:20:00,4558.8,46.9,40.0
2024-05-02 16:25:00,3500.1,43.1,32.6
2024-05-02 16:30:00,92.6,41.1,29.0
2024-05-02 16:35:00,96.0,40.9,28.6
2024-05-02 16:40:00,98.8,37.5,25.2
2024-05-02 16:45:00,101.6,36.6,24.9
2024-05-02 16:50:00,96.6,36.3,24.8
2024-05-02 16:55:00,96.9,36.2,24.7
2024-05-02 17:00:00,95.2,36.0,24.6
2024-05-02 17:05:00,98.7,35.4,24.4
2024-05-02 17:10:00,97.6,35.4,24.5
2024-05-02 17:15:00,100.1,35.2,24.4
2024-05-02 17:20:00,99.1,35.5,24.4
2024-05-02 17:25:00,98.3,35.4,24.4
2024-05-02 17:30:00,94.5,36.2,24.6
2024-05-02 17:35:00,93.1,36.0,24.7
2024-05-02 17:40:00,95.1,39.1,24.5
2024-05-02 17:45:00,98.9,38.6,24.2
2024-05-02 17:50:00,102.2,39.2,24.6
2024-05-02 17:55:00,100.0,36.8,25.2
2024-05-02 18:00:00,98.3,36.7,25.1
2024-05-02 18:05:00,95.2,41.3,30.0
2024-05-02 18:10:00,96.6,41.3,29.9
2024-05-02 18:15:00,97.7,42.0,31.0
2024-05-02 18:20:00,98.8,37.3,25.3
2024-05-02 18:25:00,98.2,41.6,30.3
2024-05-02 18:30:00,93.5,41.8,30.6
2024-05-02 18:35:00,94.0,42.1,31.3
2024-05-02 18:40:00,91.7,37.4,25.4
2024-05-02 18:45:00,94.1,39.8,24.6
2024-05-02 18:50:00,93.6,39.8,24.1
2024-05-02 18:55:00,94.3,39.6,24.0
2024-05-02 19:00:00,97.0,36.4,24.5
2024-05-02 19:05:00,100.2,37.5,25.6
2024-05-02 19:10:00,114.7,37.4,25.6
2024-05-02 19:15:00,120.8,37.6,25.8
2024-05-02 19:20:00,118.1,39.9,28.3
2024-05-02 19:25:00,103.9,44.3,35.4
2024-05-02 19:30:00,95.7,44.8,36.3
2024-05-02 19:35:00,93.8,40.6,29.2
2024-05-02 19:40:00,93.1,36.6,25.1
2024-05-02 19:45:00,91.8,36.0,24.8
2024-05-02 19:50:00,94.1,36.2,24.9
2024-05-02 19:55:00,96.0,36.1,24.9
2024-05-02 20:00:00,96.1,36.0,24.8
2024-05-02 20:05:00,101.1,37.4,24.4
2024-05-02 20:10:00,99.9,36.9,24.2
2024-05-02 20:15:00,101.6,38.2,24.7
2024-05-02 20:20:00,93.3,39.4,27.5
2024-05-02 20:25:00,92.6,40.1,28.5
2024-05-02 20:30:00,91.2,39.4,27.8
2024-05-02 20:35:00,103.9,37.4,25.7
2024-05-02 20:40:00,104.2,36.6,25.2
2024-05-02 20:45:00,105.0,35.8,24.8
2024-05-02 20:50:00,94.2,35.2,24.7
2024-05-02 20:55:00,94.1,35.3,24.6
2024-05-02 21:00:00,93.3,35.6,24.7
2024-05-02 21:05:00,92.6,35.6,24.7
2024-05-02 21:10:00,93.2,36.4,24.6
2024-05-02 21:15:00,92.9,38.2,25.4
2024-05-02 21:20:00,93.2,38.5,25.6
2024-05-02 21:25:00,90.7,39.4,27.4
2024-05-02 21:30:00,90.8,38.1,26.5
2024-05-02 21:35:00,90.0,37.9,26.3
2024-05-02 21:40:00,91.0,36.5,25.3
2024-05-02 21:45:00,88.5,35.8,25.0
2024-05-02 21:50:00,89.0,35.8,25.0
2024-05-02 21:55:00,90.6,35.5,24.9
2024-05-02 22:00:00,93.7,36.8,25.4
2024-05-02 22:05:00,91.7,36.8,25.4
2024-05-02 22:10:00,90.2,37.5,25.9
2024-05-02 22:15:00,88.9,37.9,26.2
2024-05-02 22:20:00,90.9,39.8,27.7
2024-05-02 22:25:00,91.8,39.4,27.1
2024-05-02 22:30:00,93.0,37.9,26.0
2024-05-02 22:35:00,98.5,36.2,25.1
2024-05-02 22:40:00,99.1,36.2,24.9
2024-05-02 22:45:00,102.3,36.0,24.7
2024-05-02 22:50:00,99.4,37.7,25.8
2024-05-02 22:55:00,111.1,40.7,29.2
2024-05-02 23:00:00,119.0,41.7,30.6
2024-05-02 23:05:00,116.7,39.9,28.1
2024-05-02 23:10:00,103.8,36.5,25.3
2024-05-02 23:15:00,92.9,36.7,25.1
2024-05-02 23:20:00,90.4,39.2,27.0
2024-05-02 23:25:00,88.7,39.4,27.1
2024-05-02 23:30:00,87.4,38.8,26.9
2024-05-02 23:35:00,87.9,36.2,25.2
2024-05-02 23:40:00,87.3,35.8,25.1
2024-05-02 23:45:00,87.0,35.4,25.0
2024-05-02 23:50:00,87.9,35.6,25.1
2024-05-02 23:55:00,90.5,36.4,25.4
2024-05-03 00:00:00,,,
2024-05-03 00:05:00,88.7,38.7,27.1
2024-05-03 00:10:00,89.6,38.4,26.7
2024-05-03 00:15:00,88.4,37.8,26.3
2024-05-03 00:20:00,86.8,36.7,25.4
2024-05-03 00:25:00,85.7,36.0,25.1
2024-05-03 00:30:00,88.8,36.6,24.9
2024-05-03 00:35:00,87.9,36.4,24.8
2024-05-03 00:40:00,88.1,36.6,24.9
2024-05-03 00:45:00,84.8,36.2,25.2
2024-05-03 00:50:00,84.5,36.4,25.3
2024-05-03 00:55:00,85.0,36.2,25.3
2024-05-03 01:00:00,86.8,36.6,25.1
2024-05-03 01:05:00,88.5,36.8,25.3
2024-05-03 01:10:00,85.3,36.9,25.4
2024-05-03 01:15:00,88.7,36.1,25.2
2024-05-03 01:20:00,87.7,35.7,25.0
2024-05-03 01:25:00,88.8,35.9,25.0
2024-05-03 01:30:00,85.3,36.0,25.2
2024-05-03 01:35:00,84.9,36.0,25.3
2024-05-03 01:40:00,85.3,35.6,25.1
2024-05-03 01:45:00,83.9,35.6,25.1
2024-05-03 01:50:00,83.3,35.5,25.1
2024-05-03 01:55:00,81.6,35.4,25.1
2024-05-03 02:00:00,81.2,35.3,25.1
2024-05-03 02:05:00,82.4,35.4,25.1
2024-05-03 02:10:00,81.3,42.3,31.8
2024-05-03 02:15:00,81.2,43.5,33.8
2024-05-03 02:20:00,79.9,43.9,34.5
2024-05-03 02:25:00,81.7,37.1,25.8
2024-05-03 02:30:00,80.0,36.0,25.2
2024-05-03 02:35:00,80.2,35.7,25.2
2024-05-03 02:40:00,79.4,35.7,25.2
2024-05-03 02:45:00,79.8,35.9,25.3
2024-05-03 02:50:00,81.1,35.8,25.3
2024-05-03 02:55:00,80.8,35.9,25.4
2024-05-03 03:00:00,82.1,35.7,25.3
2024-05-03 03:05:00,80.9,35.7,25.3
2024-05-03 03:10:00,81.0,35.5,25.2
2024-05-03 03:15:00,80.3,35.6,25.3
2024-05-03 03:20:00,80.8,35.6,25.3
2024-05-03 03:25:00,81.4,35.6,25.4
2024-05-03 03:30:00,82.8,35.6,25.4
2024-05-03 03:35:00,83.7,35.5,25.4
2024-05-03 03:40:00,82.7,41.1,29.8
2024-05-03 03:45:00,80.7,43.2,33.1
2024-05-03 03:50:00,75.6,44.3,35.1
2024-05-03 03:55:00,75.5,39.1,27.6
2024-05-03 04:00:00,74.9,37.9,26.4
2024-05-03 04:05:00,76.2,36.8,25.7
2024-05-03 04:10:00,75.1,36.7,25.7
2024-05-03 04:15:00,75.9,35.6,25.3
2024-05-03 04:20:00,77.1,36.0,25.3
2024-05-03 04:25:00,78.9,35.9,25.3
2024-05-03 04:30:00,78.1,37.4,25.1
2024-05-03 04:35:00,78.0,37.5,25.1
2024-05-03 04:40:00,75.6,37.5,25.1
2024-05-03 04:45:00,75.6,36.3,25.4
2024-05-03 04:50:00,74.3,36.7,25.7
2024-05-03 04:55:00,74.8,36.7,25.7
2024-05-03 05:00:00,73.9,36.5,25.8
2024-05-03 05:05:00,75.1,36.0,25.6
2024-05-03 05:10:00,78.3,37.7,25.4
2024-05-03 05:15:00,77.2,37.8,25.3
2024-05-03 05:20:00,86.5,39.7,25.0
2024-05-03 05:25:00,150.5,126.9,56.5
2024-05-03 05:30:00,152.8,127.3,56.9
2024-05-03 05:35:00,149.0,125.7,56.1
2024-05-03 05:40:00,90.0,38.1,24.8
2024-05-03 05:45:00,105.8,38.1,24.7
2024-05-03 05:50:00,108.7,40.9,26.6
2024-05-03 05:55:00,103.4,40.5,27.5
2024-05-03 06:00:00,87.1,40.3,28.0
2024-05-03 06:05:00,78.4,37.0,25.6
2024-05-03 06:10:00,76.8,36.4,25.4
2024-05-03 06:15:00,78.1,36.1,25.2
2024-05-03 06:20:00,77.3,36.3,25.3
2024-05-03 06:25:00,75.8,36.1,25.3
2024-05-03 06:30:00,72.9,35.9,25.3
2024-05-03 06:35:00,77.8,45.4,24.1
2024-05-03 06:40:00,80.6,55.1,24.8
2024-05-03 06:45:00,81.2,55.1,24.7
2024-05-03 06:50:00,77.1,45.5,24.0
2024-05-03 06:55:00,76.0,35.7,25.3
2024-05-03 07:00:00,76.4,35.8,25.3
2024-05-03 07:05:00,77.6,35.8,25.3
2024-05-03 07:10:00,75.8,35.9,25.4
2024-05-03 07:15:00,75.5,35.8,25.3
2024-05-03 07:20:00,74.2,35.7,25.3
2024-05-03 07:25:00,75.6,35.8,25.3
2024-05-03 07:30:00,76.9,37.4,25.0
2024-05-03 07:35:00,77.5,37.7,25.1
2024-05-03 07:40:00,79.0,37.6,25.1
2024-05-03 07:45:00,79.6,36.0,25.3
2024-05-03 07:50:00,78.1,37.9,26.1
2024-05-03 07:55:00,76.6,38.9,26.6
2024-05-03 08:00:00,76.0,39.7,27.4
2024-05-03 08:05:00,79.3,37.6,25.8
2024-05-03 08:10:00,82.4,36.8,25.6
2024-05-03 08:15:00,85.2,36.2,25.3
2024-05-03 08:20:00,87.3,36.0,25.3
2024-05-03 08:25:00,85.4,41.4,29.5
2024-05-03 08:30:00,85.1,47.3,39.7
2024-05-03 08:35:00,87.5,49.5,44.0
2024-05-03 08:40:00,90.9,49.3,44.0
2024-05-03 08:45:00,96.1,45.9,37.2
2024-05-03 08:50:00,99.6,44.8,35.2
2024-05-03 08:55:00,102.9,56.3,29.3
2024-05-03 09:00:00,105.2,55.1,26.3
2024-05-03 09:05:00,100.6,55.5,27.1
2024-05-03 09:10:00,96.4,39.3,26.2
2024-05-03 09:15:00,90.8,38.1,25.9
2024-05-03 09:20:00,107.4,37.3,25.2
2024-05-03 09:25:00,111.5,37.1,25.2
2024-05-03 09:30:00,110.3,37.1,25.2
2024-05-03 09:35:00,96.2,36.5,25.3
2024-05-03 09:40:00,102.6,36.2,25.2
2024-05-03 09:45:00,111.3,42.3,30.7
2024-05-03 09:50:00,112.7,44.4,33.9
2024-05-03 09:55:00,109.2,56.1,59.4
2024-05-03 10:00:00,114.1,51.6,49.3
2024-05-03 10:05:00,121.1,50.7,46.9
2024-05-03 10:10:00,122.3,40.2,27.1
2024-05-03 10:15:00,112.1,39.3,25.9
2024-05-03 10:20:00,100.1,38.6,25.4
2024-05-03 10:25:00,95.8,37.7,25.3
2024-05-03 10:30:00,103.9,38.1,25.7
2024-05-03 10:35:00,112.4,39.1,26.4
2024-05-03 10:40:00,120.6,40.6,26.9
2024-05-03 10:45:00,127.5,40.4,26.9
2024-05-03 10:50:00,137.0,39.3,26.1
2024-05-03 10:55:00,135.6,37.4,25.6
2024-05-03 11:00:00,155.3,38.0,26.0
2024-05-03 11:05:00,192.6,38.1,26.1
2024-05-03 11:10:00,227.6,38.5,26.4
2024-05-03 11:15:00,256.3,37.1,25.4
2024-05-03 11:20:00,230.9,37.2,25.4
2024-05-03 11:25:00,212.0,36.9,25.2
2024-05-03 11:30:00,163.3,37.0,25.3
2024-05-03 11:35:00,146.5,38.3,24.9
2024-05-03 11:40:00,132.4,38.4,24.9
2024-05-03 11:45:00,129.7,55.2,53.7
2024-05-03 11:50:00,126.6,67.1,86.4
2024-05-03 11:55:00,125.8,70.1,92.8
2024-05-03 12:00:00,111.3,54.5,54.3
2024-05-03 12:05:00,105.2,41.6,28.7
2024-05-03 12:10:00,98.7,39.4,26.6
2024-05-03 12:15:00,109.6,39.7,26.9
2024-05-03 12:20:00,120.4,47.0,39.0
2024-05-03 12:25:00,119.6,49.8,45.1
2024-05-03 12:30:00,111.9,49.5,44.3
2024-05-03 12:35:00,108.9,45.8,30.8
2024-05-03 12:40:00,106.8,42.9,26.3
2024-05-03 12:45:00,108.6,41.8,25.4
2024-05-03 12:50:00,103.2,37.8,25.3
2024-05-03 12:55:00,109.7,37.2,25.3
2024-05-03 13:00:00,109.6,37.2,25.2
2024-05-03 13:05:00,106.0,37.1,25.4
2024-05-03 13:10:00,103.9,37.0,25.3
2024-05-03 13:15:00,102.7,37.1,25.4
2024-05-03 13:20:00,106.3,38.9,25.1
2024-05-03 13:25:00,104.5,39.2,25.3
2024-05-03 13:30:00,101.9,39.0,25.1
2024-05-03 13:35:00,101.3,37.1,25.3
2024-05-03 13:40:00,103.9,36.9,25.2
2024-05-03 13:45:00,109.1,40.5,27.8
2024-05-03 13:50:00,106.3,41.3,28.7
2024-05-03 13:55:00,102.5,42.0,29.8
2024-05-03 14:00:00,102.4,39.0,26.4
2024-05-03 14:05:00,101.9,38.5,26.1
2024-05-03 14:10:00,101.7,37.9,25.7
2024-05-03 14:15:00,101.7,37.5,25.5
2024-05-03 14:20:00,100.0,37.1,25.4
2024-05-03 14:25:00,99.9,37.0,25.3
2024-05-03 14:30:00,96.0,37.4,25.4
2024-05-03 14:35:00,100.1,45.7,35.8
2024-05-03 14:40:00,100.8,48.2,40.3
2024-05-03 14:45:00,101.5,54.0,52.9
2024-05-03 14:50:00,101.6,47.7,39.3
2024-05-03 14:55:00,99.9,45.8,36.0
2024-05-03 15:00:00,100.1,40.7,27.9
2024-05-03 15:05:00,100.8,41.7,26.1
2024-05-03 15:10:00,99.9,41.5,25.7
2024-05-03 15:15:00,101.8,44.5,29.8
2024-05-03 15:20:00,101.1,41.9,29.7
2024-05-03 15:25:00,105.2,47.1,39.0
2024-05-03 15:30:00,103.5,45.4,35.6
2024-05-03 15:35:00,98.1,45.5,35.8
2024-05-03 15:40:00,98.0,40.5,28.1
2024-05-03 15:45:00,95.4,41.6,29.6
2024-05-03 15:50:00,100.2,41.7,29.7
2024-05-03 15:55:00,96.6,41.2,29.2
2024-05-03 16:00:00,116.7,40.5,28.1
2024-05-03 16:05:00,113.6,42.4,30.7
2024-05-03 16:10:00,111.5,42.8,31.2
2024-05-03 16:15:00,90.9,40.5,27.9
2024-05-03 16:20:00,91.4,38.5,26.0
2024-05-03 16:25:00,92.0,38.2,25.9
2024-05-03 16:30:00,92.6,37.6,25.8
2024-05-03 16:35:00,93.0,37.1,25.6
2024-05-03 16:40:00,93.7,37.0,25.5
2024-05-03 16:45:00,94.2,38.1,25.4
2024-05-03 16:50:00,94.1,38.2,25.4
2024-05-03 16:55:00,94.6,38.0,25.3
2024-05-03 17:00:00,94.0,36.8,25.5
2024-05-03 17:05:00,109.8,42.2,24.7
2024-05-03 17:10:00,116.7,46.0,26.8
2024-05-03 17:15:00,117.5,46.3,27.3
2024-05-03 17:20:00,103.3,41.3,27.5
2024-05-03 17:25:00,97.0,37.8,26.0
2024-05-03 17:30:00,96.8,38.7,26.7
2024-05-03 17:35:00,95.7,38.7,26.7
2024-05-03 17:40:00,95.6,38.3,26.4
2024-05-03 17:45:00,95.7,39.8,27.6
2024-05-03 17:50:00,96.1,40.9,29.0
2024-05-03 17:55:00,97.0,41.1,29.2
2024-05-03 18:00:00,99.1,38.6,26.7
2024-05-03 18:05:00,100.2,37.2,25.8
2024-05-03 18:10:00,104.4,38.3,26.3
2024-05-03 18:15:00,110.7,38.4,26.4
2024-05-03 18:20:00,112.2,41.6,29.4
2024-05-03 18:25:00,108.7,43.8,32.7
2024-05-03 18:30:00,101.7,44.2,33.4
2024-05-03 18:35:00,289.9,40.9,29.0
2024-05-03 18:40:00,659.1,38.4,26.0
2024-05-03 18:45:00,660.6,38.2,25.8
2024-05-03 18:50:00,472.6,38.4,26.0
2024-05-03 18:55:00,105.3,38.0,26.4
2024-05-03 19:00:00,106.9,37.4,26.1
2024-05-03 19:05:00,108.1,37.1,25.9
2024-05-03 19:10:00,111.3,36.7,25.8
2024-05-03 19:15:00,112.7,36.6,25.8
2024-05-03 19:20:00,113.3,36.7,25.8
2024-05-03 19:25:00,112.2,36.5,25.7
2024-05-03 19:30:00,112.2,36.7,25.8
2024-05-03 19:35:00,113.4,36.5,25.8
2024-05-03 19:40:00,115.1,36.6,25.9
2024-05-03 19:45:00,116.1,36.6,25.9
2024-05-03 19:50:00,115.5,37.0,25.9
2024-05-03 19:55:00,113.8,37.3,26.0
2024-05-03 20:00:00,113.4,37.5,26.1
2024-05-03 20:05:00,116.8,37.1,26.0
2024-05-03 20:10:00,121.4,36.7,25.9
2024-05-03 20:15:00,122.4,36.6,25.9
2024-05-03 20:20:00,122.9,38.0,25.7
2024-05-03 20:25:00,124.7,38.9,25.7
2024-05-03 20:30:00,133.3,39.8,25.5
2024-05-03 20:35:00,133.6,38.6,25.6
2024-05-03 20:40:00,130.5,37.8,25.6
2024-05-03 20:45:00,121.7,36.6,25.9
2024-05-03 20:50:00,118.8,36.5,26.0
2024-05-03 20:55:00,118.1,36.6,26.1
2024-05-03 21:00:00,121.4,37.6,26.4
2024-05-03 21:05:00,126.5,37.9,26.6
2024-05-03 21:10:00,125.8,38.9,26.5
2024-05-03 21:15:00,140.9,39.3,25.7
2024-05-03 21:20:00,137.9,40.5,25.3
2024-05-03 21:25:00,140.9,40.7,25.0
2024-05-03 21:30:00,127.7,40.6,24.8
2024-05-03 21:35:00,129.3,40.5,24.7
2024-05-03 21:40:00,130.3,40.4,24.7
2024-05-03 21:45:00,130.4,40.6,24.7
2024-05-03 21:50:00,129.9,40.9,24.8
2024-05-03 21:55:00,132.7,43.4,24.6
2024-05-03 22:00:00,133.7,43.6,24.7
2024-05-03 22:05:00,134.9,42.4,24.6
2024-05-03 22:10:00,133.2,38.3,25.2
2024-05-03 22:15:00,134.6,38.6,25.2
2024-05-03 22:20:00,138.4,38.2,25.3
2024-05-03 22:25:00,142.2,38.1,25.3
2024-05-03 22:30:00,141.2,36.1,25.6
2024-05-03 22:35:00,137.7,35.9,25.6
2024-05-03 22:40:00,137.0,36.0,25.7
2024-05-03 22:45:00,136.0,36.1,25.8
2024-05-03 22:50:00,138.7,36.0,25.7
2024-05-03 22:55:00,136.9,35.9,25.7
2024-05-03 23:00:00,137.6,36.3,25.7
2024-05-03 23:05:00,135.5,36.4,25.7
2024-05-03 23:10:00,134.8,36.6,25.7
2024-05-03 23:15:00,136.1,36.2,25.7
2024-05-03 23:20:00,137.0,36.3,25.6
2024-05-03 23:25:00,139.0,36.2,25.7
2024-05-03 23:30:00,140.6,36.0,25.6
2024-05-03 23:35:00,139.0,35.9,25.6
2024-05-03 23:40:00,138.5,36.1,25.5
2024-05-03 23:45:00,140.0,36.1,25.6
2024-05-03 23:50:00,145.2,36.5,25.7
2024-05-03 23:55:00,153.5,36.5,25.7
2024-05-04 00:00:00,,,
2024-05-04 00:05:00,167.2,36.2,25.8
2024-05-04 00:10:00,162.5,36.4,25.7
2024-05-04 00:15:00,162.1,36.2,25.6
2024-05-04 00:20:00,149.6,36.2,25.6
2024-05-04 00:25:00,149.7,36.0,25.6
2024-05-04 00:30:00,150.2,36.4,25.7
2024-05-04 00:35:00,148.7,36.3,25.6
2024-05-04 00:40:00,147.5,36.4,25.7
2024-05-04 00:45:00,146.8,36.9,25.7
2024-05-04 00:50:00,144.7,37.0,25.7
2024-05-04 00:55:00,141.9,37.2,25.7
2024-05-04 01:00:00,147.0,36.4,25.7
2024-05-04 01:05:00,148.6,36.6,25.9
2024-05-04 01:10:00,151.2,36.6,26.0
2024-05-04 01:15:00,147.0,36.9,26.1
2024-05-04 01:20:00,146.8,36.9,25.9
2024-05-04 01:25:00,150.0,36.9,26.0
2024-05-04 01:30:00,154.3,36.6,25.9
2024-05-04 01:35:00,153.9,36.2,26.0
2024-05-04 01:40:00,147.3,36.4,26.0
2024-05-04 01:45:00,146.2,36.5,26.0
2024-05-04 01:50:00,149.8,36.8,26.0
2024-05-04 01:55:00,152.8,36.6,25.9
2024-05-04 02:00:00,150.4,36.6,25.9
2024-05-04 02:05:00,150.4,36.3,25.9
2024-05-04 02:10:00,157.5,36.4,26.0
2024-05-04 02:15:00,159.5,36.5,26.1
2024-05-04 02:20:00,160.8,36.5,26.0
2024-05-04 02:25:00,157.4,37.1,26.1
2024-05-04 02:30:00,155.2,36.9,26.0
2024-05-04 02:35:00,153.3,36.9,26.1
2024-05-04 02:40:00,150.5,36.4,26.0
2024-05-04 02:45:00,159.4,36.4,26.0
2024-05-04 02:50:00,162.4,36.3,25.9
2024-05-04 02:55:00,167.2,36.2,26.0
2024-05-04 03:00:00,161.2,36.4,26.1
2024-05-04 03:05:00,163.5,36.4,26.1
2024-05-04 03:10:00,161.5,36.5,26.1
2024-05-04 03:15:00,161.4,36.5,26.1
2024-05-04 03:20:00,155.3,36.6,26.1
2024-05-04 03:25:00,155.5,36.7,26.2
2024-05-04 03:30:00,157.0,36.7,26.2
2024-05-04 03:35:00,163.1,37.1,26.2
2024-05-04 03:40:00,167.2,37.2,26.0
2024-05-04 03:45:00,165.5,37.2,26.1
2024-05-04 03:50:00,165.8,36.7,26.1
2024-05-04 03:55:00,164.1,36.5,26.1
2024-05-04 04:00:00,172.3,36.3,26.0
2024-05-04 04:05:00,169.5,36.2,25.9
2024-05-04 04:10:00,171.1,36.8,25.9
2024-05-04 04:15:00,165.1,36.8,25.9
2024-05-04 04:20:00,164.5,36.8,25.9
2024-05-04 04:25:00,161.9,36.2,25.9
2024-05-04 04:30:00,161.9,36.2,25.9
2024-05-04 04:35:00,164.1,36.3,25.9
2024-05-04 04:40:00,161.3,36.6,26.0
2024-05-04 04:45:00,158.0,36.6,26.0
2024-05-04 04:50:00,159.2,36.4,25.8
2024-05-04 04:55:00,161.4,36.3,25.9
2024-05-04 05:00:00,172.9,36.3,25.8
2024-05-04 05:05:00,166.5,36.3,25.9
2024-05-04 05:10:00,165.7,36.2,25.8
2024-05-04 05:15:00,155.9,36.3,25.9
2024-05-04 05:20:00,161.5,36.6,25.9
2024-05-04 05:25:00,163.7,36.6,25.9
2024-05-04 05:30:00,163.4,36.7,26.0
2024-05-04 05:35:00,158.5,36.6,25.9
2024-05-04 05:40:00,166.2,36.8,25.7
2024-05-04 05:45:00,165.8,38.3,25.4
2024-05-04 05:50:00,166.7,40.1,25.0
2024-05-04 05:55:00,160.5,39.6,24.9
2024-05-04 06:00:00,164.9,38.1,25.1
2024-05-04 06:05:00,166.6,36.1,25.6
2024-05-04 06:10:00,162.4,36.2,25.7
2024-05-04 06:15:00,163.6,36.2,25.7
2024-05-04 06:20:00,166.4,36.3,25.8
2024-05-04 06:25:00,172.2,36.3,25.9
2024-05-04 06:30:00,187.8,36.7,25.8
2024-05-04 06:35:00,192.5,43.0,32.8
2024-05-04 06:40:00,194.0,43.5,33.7
2024-05-04 06:45:00,172.5,43.2,33.6
2024-05-04 06:50:00,165.6,36.7,26.0
2024-05-04 06:55:00,159.0,36.4,25.8
2024-05-04 07:00:00,160.7,36.5,25.9
2024-05-04 07:05:00,164.5,36.9,26.0
2024-05-04 07:10:00,161.0,36.7,25.9
2024-05-04 07:15:00,159.3,36.5,25.8
2024-05-04 07:20:00,153.4,36.0,25.6
2024-05-04 07:25:00,157.2,35.9,25.7
2024-05-04 07:30:00,160.0,36.0,25.7
2024-05-04 07:35:00,165.0,36.0,25.6
2024-05-04 07:40:00,167.0,36.1,25.6
2024-05-04 07:45:00,170.5,36.5,25.5
2024-05-04 07:50:00,167.2,36.6,25.5
2024-05-04 07:55:00,164.2,36.7,25.5
2024-05-04 08:00:00,156.9,36.0,25.5
2024-05-04 08:05:00,161.2,36.0,25.5
2024-05-04 08:10:00,160.5,35.9,25.6
2024-05-04 08:15:00,165.8,36.1,25.7
2024-05-04 08:20:00,162.4,41.3,30.1
2024-05-04 08:25:00,169.8,42.8,32.6
2024-05-04 08:30:00,170.9,43.2,33.4
2024-05-04 08:35:00,184.7,38.7,27.3
2024-05-04 08:40:00,181.1,37.6,26.0
2024-05-04 08:45:00,178.8,37.2,25.7
2024-05-04 08:50:00,170.2,36.7,25.5
2024-05-04 08:55:00,168.4,36.4,25.7
2024-05-04 09:00:00,169.7,36.5,25.7
2024-05-04 09:05:00,169.9,36.6,25.6
2024-05-04 09:10:00,180.7,37.1,25.9
2024-05-04 09:15:00,184.8,37.1,25.9
2024-05-04 09:20:00,185.9,62.0,28.7
2024-05-04 09:25:00,176.7,62.2,27.7
2024-05-04 09:30:00,182.2,61.9,27.3
2024-05-04 09:35:00,178.5,37.1,25.4
2024-05-04 09:40:00,180.8,36.4,25.7
2024-05-04 09:45:00,178.5,36.8,25.6
2024-05-04 09:50:00,178.7,37.9,26.3
2024-05-04 09:55:00,179.5,39.3,27.6
2024-05-04 10:00:00,171.8,40.2,28.9
2024-05-04 10:05:00,169.1,39.1,27.5
2024-05-04 10:10:00,167.5,37.6,26.2
2024-05-04 10:15:00,173.7,36.8,25.8
2024-05-04 10:20:00,187.3,36.6,25.7
2024-05-04 10:25:00,187.6,36.7,25.7
2024-05-04 10:30:00,186.6,41.9,31.0
2024-05-04 10:35:00,183.6,50.9,48.5
2024-05-04 10:40:00,189.3,59.9,69.3
2024-05-04 10:45:00,187.3,60.8,70.4
2024-05-04 10:50:00,184.2,54.0,54.0
2024-05-04 10:55:00,178.7,51.3,47.4
2024-05-04 11:00:00,190.8,57.7,39.6
2024-05-04 11:05:00,190.4,57.3,37.5
2024-05-04 11:10:00,189.2,51.5,27.3
2024-05-04 11:15:00,175.3,39.0,26.4
2024-05-04 11:20:00,176.5,37.4,26.0
2024-05-04 11:25:00,177.1,37.1,25.6
2024-05-04 11:30:00,176.8,37.6,25.9
2024-05-04 11:35:00,170.2,37.4,25.7
2024-05-04 11:40:00,167.8,37.1,25.7
2024-05-04 11:45:00,170.8,36.4,25.3
2024-05-04 11:50:00,171.5,47.1,40.3
2024-05-04 11:55:00,169.6,49.0,44.0
2024-05-04 12:00:00,166.9,49.5,45.1
2024-05-04 12:05:00,166.0,39.5,27.2
2024-05-04 12:10:00,169.9,55.9,59.9
2024-05-04 12:15:00,172.5,57.2,62.9
2024-05-04 12:20:00,174.9,57.6,64.1
2024-05-04 12:25:00,178.6,58.9,30.6
2024-05-04 12:30:00,172.7,57.8,28.2
2024-05-04 12:35:00,166.8,57.1,27.2
2024-05-04 12:40:00,158.5,37.8,25.6
2024-05-04 12:45:00,166.5,37.5,25.5
2024-05-04 12:50:00,175.6,40.4,25.2
2024-05-04 12:55:00,181.7,40.1,25.1
2024-05-04 13:00:00,177.8,39.8,25.0
2024-05-04 13:05:00,173.9,36.7,25.1
2024-05-04 13:10:00,174.6,37.1,25.1
2024-05-04 13:15:00,173.9,36.9,25.2
2024-05-04 13:20:00,167.7,39.3,26.6
2024-05-04 13:25:00,166.9,41.1,29.2
2024-05-04 13:30:00,164.6,42.2,30.7
2024-05-04 13:35:00,169.8,40.5,28.6
2024-05-04 13:40:00,175.2,39.3,26.9
2024-05-04 13:45:00,175.9,38.6,26.2
2024-05-04 13:50:00,173.0,38.0,25.8
2024-05-04 13:55:00,162.0,37.3,25.5
2024-05-04 14:00:00,164.8,37.0,25.3
2024-05-04 14:05:00,169.9,45.4,36.5
2024-05-04 14:10:00,174.7,47.5,40.8
2024-05-04 14:15:00,173.1,54.4,56.0
2024-05-04 14:20:00,169.0,47.2,40.1
2024-05-04 14:25:00,166.7,46.0,37.5
2024-05-04 14:30:00,162.8,39.4,27.2
2024-05-04 14:35:00,161.9,38.6,26.4
2024-05-04 14:40:00,162.8,37.7,25.9
2024-05-04 14:45:00,166.5,37.5,25.8
2024-05-04 14:50:00,169.6,44.1,34.8
2024-05-04 14:55:00,186.9,57.4,53.2
2024-05-04 15:00:00,187.9,59.8,58.0
2024-05-04 15:05:00,187.3,53.5,43.6
2024-05-04 15:10:00,172.2,43.1,32.3
2024-05-04 15:15:00,175.0,48.2,36.6
2024-05-04 15:20:00,174.3,58.2,59.4
2024-05-04 15:25:00,171.4,56.9,56.3
2024-05-04 15:30:00,165.9,50.1,47.2
2024-05-04 15:35:00,161.4,40.8,29.0
2024-05-04 15:40:00,158.8,41.4,30.1
2024-05-04 15:45:00,158.0,42.0,31.2
2024-05-04 15:50:00,162.9,43.5,33.9
2024-05-04 15:55:00,165.2,41.6,30.7
2024-05-04 16:00:00,189.4,40.7,29.4
2024-05-04 16:05:00,186.0,37.9,26.2
2024-05-04 16:10:00,185.4,37.5,25.8
2024-05-04 16:15:00,157.4,37.5,25.8
2024-05-04 16:20:00,158.6,37.1,25.6
2024-05-04 16:25:00,159.8,37.4,25.3
2024-05-04 16:30:00,162.3,37.2,25.2
2024-05-04 16:35:00,157.8,37.0,25.1
2024-05-04 16:40:00,156.0,36.3,25.3
2024-05-04 16:45:00,161.3,36.3,25.2
2024-05-04 16:50:00,165.7,45.3,37.5
2024-05-04 16:55:00,163.6,48.3,43.6
2024-05-04 17:00:00,157.6,49.6,46.7
2024-05-04 17:05:00,154.5,41.8,30.9
2024-05-04 17:10:00,155.1,39.7,27.9
2024-05-04 17:15:00,157.3,38.2,26.4
2024-05-04 17:20:00,155.9,37.7,26.0
2024-05-04 17:25:00,157.2,36.9,25.5
2024-05-04 17:30:00,153.1,37.0,25.6
2024-05-04 17:35:00,159.4,36.3,25.4
2024-05-04 17:40:00,152.9,36.5,25.5
2024-05-04 17:45:00,158.1,36.1,25.2
2024-05-04 17:50:00,156.7,36.2,25.3
2024-05-04 17:55:00,166.5,36.0,25.3
2024-05-04 18:00:00,163.7,36.1,25.4
2024-05-04 18:05:00,166.4,35.9,25.3
2024-05-04 18:10:00,166.2,36.4,25.5
2024-05-04 18:15:00,165.5,36.6,25.6
2024-05-04 18:20:00,159.4,37.0,25.9
2024-05-04 18:25:00,158.3,36.3,25.4
2024-05-04 18:30:00,156.7,36.3,25.4
2024-05-04 18:35:00,157.6,35.7,25.1
2024-05-04 18:40:00,155.3,35.8,25.2
2024-05-04 18:45:00,156.6,35.5,25.2
2024-05-04 18:50:00,156.5,35.5,25.2
2024-05-04 18:55:00,157.6,35.5,25.3
2024-05-04 19:00:00,161.7,35.8,25.4
2024-05-04 19:05:00,164.2,36.0,25.6
2024-05-04 19:10:00,167.4,36.2,25.7
2024-05-04 19:15:00,163.4,36.2,25.8
2024-05-04 19:20:00,159.8,36.3,25.8
2024-05-04 19:25:00,155.4,36.3,25.9
2024-05-04 19:30:00,151.9,36.4,25.8
2024-05-04 19:35:00,155.3,37.7,26.5
2024-05-04 19:40:00,155.2,38.0,26.8
2024-05-04 19:45:00,156.1,38.3,26.9
2024-05-04 19:50:00,156.0,37.4,26.3
2024-05-04 19:55:00,155.7,37.1,26.1
2024-05-04 20:00:00,159.8,36.7,26.1
2024-05-04 20:05:00,160.7,36.4,26.0
2024-05-04 20:10:00,161.8,43.4,33.6
2024-05-04 20:15:00,161.7,44.5,35.6
2024-05-04 20:20:00,157.9,44.9,36.3
2024-05-04 20:25:00,156.5,39.0,27.6
2024-05-04 20:30:00,157.8,38.6,27.3
2024-05-04 20:35:00,166.1,38.4,27.1
2024-05-04 20:40:00,164.1,37.4,26.6
2024-05-04 20:45:00,161.3,36.9,26.2
2024-05-04 20:50:00,158.3,36.7,26.1
2024-05-04 20:55:00,205.3,38.2,27.1
2024-05-04 21:00:00,363.8,38.2,27.1
2024-05-04 21:05:00,361.1,38.4,27.2
2024-05-04 21:10:00,318.1,37.6,26.6
2024-05-04 21:15:00,157.3,38.0,26.8
2024-05-04 21:20:00,161.4,39.7,26.5
2024-05-04 21:25:00,163.8,39.1,26.2
2024-05-04 21:30:00,172.0,38.8,26.0
2024-05-04 21:35:00,170.8,36.8,26.3
2024-05-04 21:40:00,166.4,36.7,26.2
2024-05-04 21:45:00,165.4,36.4,26.1
2024-05-04 21:50:00,169.8,36.3,26.1
2024-05-04 21:55:00,171.0,36.1,26.0
2024-05-04 22:00:00,169.7,36.5,26.0
2024-05-04 22:05:00,160.9,36.6,26.0
2024-05-04 22:10:00,161.4,36.5,26.0
2024-05-04 22:15:00,164.5,36.9,25.9
2024-05-04 22:20:00,168.4,36.8,25.9
2024-05-04 22:25:00,172.6,36.9,25.9
2024-05-04 22:30:00,166.2,36.1,25.9
2024-05-04 22:35:00,173.9,36.1,25.8
2024-05-04 22:40:00,175.0,36.0,25.8
2024-05-04 22:45:00,177.2,36.2,25.8
2024-05-04 22:50:00,166.8,36.2,25.9
2024-05-04 22:55:00,165.5,36.2,26.0
2024-05-04 23:00:00,169.6,36.1,26.0
2024-05-04 23:05:00,174.4,36.0,25.9
2024-05-04 23:10:00,169.1,35.9,25.8
2024-05-04 23:15:00,164.8,35.7,25.7
2024-05-04 23:20:00,162.5,35.8,25.7
2024-05-04 23:25:00,167.6,36.4,25.7
2024-05-04 23:30:00,169.9,36.4,25.8
2024-05-04 23:35:00,171.0,36.2,25.7
2024-05-04 23:40:00,234.5,36.0,25.7
2024-05-04 23:45:00,231.2,36.0,25.7
2024-05-04 23:50:00,229.8,36.2,25.8
2024-05-04 23:55:00,171.1,35.8,25.8
2024-05-05 00:00:00,,,
2024-05-05 00:05:00,171.6,35.8,25.8
2024-05-05 00:10:00,169.4,35.8,25.8
2024-05-05 00:15:00,169.8,35.9,25.9
2024-05-05 00:20:00,166.0,35.9,25.9
2024-05-05 00:25:00,168.4,36.1,26.0
2024-05-05 00:30:00,169.8,36.2,25.8
2024-05-05 00:35:00,176.8,36.3,25.8
2024-05-05 00:40:00,175.8,36.6,25.8
2024-05-05 00:45:00,170.5,36.5,25.8
2024-05-05 00:50:00,165.6,36.4,25.9
2024-05-05 00:55:00,172.5,36.1,25.8
2024-05-05 01:00:00,182.2,36.3,25.9
2024-05-05 01:05:00,180.8,36.2,25.7
2024-05-05 01:10:00,171.9,36.2,25.7
2024-05-05 01:15:00,163.4,35.8,25.7
2024-05-05 01:20:00,164.6,35.8,25.8
2024-05-05 01:25:00,169.6,35.9,25.9
2024-05-05 01:30:00,167.2,36.0,25.9
2024-05-05 01:35:00,170.0,35.9,25.9
2024-05-05 01:40:00,168.2,35.8,25.8
2024-05-05 01:45:00,179.4,35.8,25.7
2024-05-05 01:50:00,181.3,35.8,25.7
2024-05-05 01:55:00,196.1,39.6,25.2
2024-05-05 02:00:00,195.3,40.2,24.9
2024-05-05 02:05:00,194.0,40.3,24.8
2024-05-05 02:10:00,189.5,37.6,25.8
2024-05-05 02:15:00,191.4,37.0,26.1
2024-05-05 02:20:00,195.9,36.8,26.1
2024-05-05 02:25:00,194.6,35.7,25.6
2024-05-05 02:30:00,185.8,35.6,25.6
2024-05-05 02:35:00,184.0,35.7,25.6
2024-05-05 02:40:00,182.5,35.7,25.5
2024-05-05 02:45:00,193.6,35.7,25.5
2024-05-05 02:50:00,191.9,35.7,25.5
2024-05-05 02:55:00,185.8,35.7,25.6
2024-05-05 03:00:00,178.6,35.7,25.5
2024-05-05 03:05:00,177.2,35.7,25.5
2024-05-05 03:10:00,184.2,35.7,25.5
2024-05-05 03:15:00,182.2,35.6,25.5
2024-05-05 03:20:00,181.3,35.6,25.5
2024-05-05 03:25:00,173.4,35.6,25.5
2024-05-05 03:30:00,181.6,35.7,25.5
2024-05-05 03:35:00,183.9,35.5,25.4
2024-05-05 03:40:00,183.3,35.5,25.4
2024-05-05 03:45:00,183.1,35.4,25.3
2024-05-05 03:50:00,191.7,36.0,25.5
2024-05-05 03:55:00,189.5,38.6,27.5
2024-05-05 04:00:00,184.0,40.9,30.5
2024-05-05 04:05:00,182.6,41.3,31.3
2024-05-05 04:10:00,193.6,38.8,28.1
2024-05-05 04:15:00,194.7,36.6,26.0
2024-05-05 04:20:00,193.1,35.7,25.6
2024-05-05 04:25:00,184.7,35.7,25.6
2024-05-05 04:30:00,184.8,35.8,25.5
2024-05-05 04:35:00,186.2,35.8,25.5
2024-05-05 04:40:00,188.3,35.8,25.5
2024-05-05 04:45:00,186.1,35.6,25.5
2024-05-05 04:50:00,185.2,35.6,25.5
2024-05-05 04:55:00,190.1,35.6,25.5
2024-05-05 05:00:00,195.5,38.0,25.0
2024-05-05 05:05:00,194.2,42.3,25.0
2024-05-05 05:10:00,190.2,42.4,25.0
2024-05-05 05:15:00,189.0,40.0,25.4
2024-05-05 05:20:00,195.1,35.8,25.6
2024-05-05 05:25:00,198.4,35.6,25.5
2024-05-05 05:30:00,202.3,36.0,25.5
2024-05-05 05:35:00,201.1,35.9,25.4
2024-05-05 05:40:00,201.2,36.1,25.4
2024-05-05 05:45:00,198.9,35.5,25.3
2024-05-05 05:50:00,197.7,35.7,25.5
2024-05-05 05:55:00,197.5,37.3,26.3
2024-05-05 06:00:00,203.0,37.7,26.6
2024-05-05 06:05:00,202.5,37.9,26.8
2024-05-05 06:10:00,207.4,36.4,25.8
2024-05-05 06:15:00,210.3,36.1,25.7
2024-05-05 06:20:00,210.8,35.7,25.6
2024-05-05 06:25:00,210.2,35.7,25.5
2024-05-05 06:30:00,201.6,35.6,25.5
2024-05-05 06:35:00,205.5,35.6,25.4
2024-05-05 06:40:00,211.8,35.4,25.3
2024-05-05 06:45:00,220.5,35.4,25.4
2024-05-05 06:50:00,220.8,37.3,26.3
2024-05-05 06:55:00,218.8,39.3,28.3
2024-05-05 07:00:00,214.1,39.7,28.8
2024-05-05 07:05:00,217.0,38.0,27.1
2024-05-05 07:10:00,210.3,36.3,25.7
2024-05-05 07:15:00,207.2,35.9,25.5
2024-05-05 07:20:00,206.0,35.7,25.4
2024-05-05 07:25:00,214.1,35.8,25.4
2024-05-05 07:30:00,224.9,35.7,25.2
2024-05-05 07:35:00,220.8,35.8,25.3
2024-05-05 07:40:00,213.6,35.6,25.3
2024-05-05 07:45:00,212.1,35.7,25.4
2024-05-05 07:50:00,218.6,35.7,25.3
2024-05-05 07:55:00,226.8,35.6,25.2
2024-05-05 08:00:00,221.9,35.6,25.3
2024-05-05 08:05:00,215.2,35.5,25.3
2024-05-05 08:10:00,214.7,35.4,25.2
2024-05-05 08:15:00,217.5,35.3,25.2
2024-05-05 08:20:00,226.5,35.5,25.2
2024-05-05 08:25:00,229.6,35.6,25.2
2024-05-05 08:30:00,236.5,35.5,25.2
2024-05-05 08:35:00,237.9,35.7,25.2
2024-05-05 08:40:00,237.4,35.8,25.3
2024-05-05 08:45:00,232.5,36.0,25.3
2024-05-05 08:50:00,225.1,35.5,25.3
2024-05-05 08:55:00,224.9,35.5,25.2
2024-05-05 09:00:00,231.0,35.3,25.1
2024-05-05 09:05:00,242.5,35.4,25.1
2024-05-05 09:10:00,250.2,35.4,25.1
2024-05-05 09:15:00,247.1,35.6,25.2
2024-05-05 09:20:00,248.3,36.8,24.9
2024-05-05 09:25:00,245.3,39.5,24.5
2024-05-05 09:30:00,250.8,39.5,24.5
2024-05-05 09:35:00,242.0,38.2,24.7
2024-05-05 09:40:00,243.5,35.6,25.2
2024-05-05 09:45:00,233.9,35.7,25.0
2024-05-05 09:50:00,241.5,35.9,25.0
2024-05-05 09:55:00,250.8,40.1,29.1
2024-05-05 10:00:00,259.6,40.6,30.2
2024-05-05 10:05:00,254.0,40.5,30.3
2024-05-05 10:10:00,244.4,36.5,25.8
2024-05-05 10:15:00,253.6,37.2,25.3
2024-05-05 10:20:00,263.0,37.3,25.3
2024-05-05 10:25:00,258.5,37.0,25.0
2024-05-05 10:30:00,244.9,38.2,26.4
2024-05-05 10:35:00,237.1,40.5,28.0
2024-05-05 10:40:00,239.4,41.1,28.5
2024-05-05 10:45:00,242.3,38.9,26.5
2024-05-05 10:50:00,243.1,36.7,25.5
2024-05-05 10:55:00,247.7,36.1,25.4
2024-05-05 11:00:00,250.3,35.9,25.1
2024-05-05 11:05:00,268.8,35.7,25.0
2024-05-05 11:10:00,272.3,35.7,25.0
2024-05-05 11:15:00,263.0,39.0,27.8
2024-05-05 11:20:00,249.1,39.5,28.5
2024-05-05 11:25:00,250.5,40.1,29.3
2024-05-05 11:30:00,258.1,38.4,27.3
2024-05-05 11:35:00,259.5,38.5,27.4
2024-05-05 11:40:00,266.8,38.1,26.9
2024-05-05 11:45:00,279.0,36.4,25.5
2024-05-05 11:50:00,283.2,35.7,25.1
2024-05-05 11:55:00,274.3,35.6,25.1
2024-05-05 12:00:00,272.3,35.6,25.1
2024-05-05 12:05:00,274.8,35.7,25.2
2024-05-05 12:10:00,282.7,35.8,25.1
2024-05-05 12:15:00,293.3,36.0,25.1
2024-05-05 12:20:00,293.1,35.8,25.0
2024-05-05 12:25:00,286.6,35.9,25.0
2024-05-05 12:30:00,277.6,35.7,25.1
2024-05-05 12:35:00,276.7,35.9,25.1
2024-05-05 12:40:00,279.6,35.7,25.0
2024-05-05 12:45:00,273.8,35.5,24.9
2024-05-05 12:50:00,276.9,35.5,24.9
2024-05-05 12:55:00,289.1,35.6,24.9
2024-05-05 13:00:00,297.8,35.6,24.9
2024-05-05 13:05:00,297.1,35.9,24.6
2024-05-05 13:10:00,288.9,36.0,24.6
2024-05-05 13:15:00,297.6,35.8,24.5
2024-05-05 13:20:00,293.6,35.5,24.9
2024-05-05 13:25:00,285.9,35.3,24.9
2024-05-05 13:30:00,277.3,35.3,24.9
2024-05-05 13:35:00,281.2,35.2,24.7
2024-05-05 13:40:00,289.2,36.0,24.5
2024-05-05 13:45:00,286.3,36.3,24.6
2024-05-05 13:50:00,297.2,36.2,24.5
2024-05-05 13:55:00,294.4,35.6,24.9
2024-05-05 14:00:00,302.4,36.1,25.1
2024-05-05 14:05:00,298.0,36.2,25.2
2024-05-05 14:10:00,302.5,36.2,25.1
2024-05-05 14:15:00,301.4,35.6,24.8
2024-05-05 14:20:00,296.7,35.8,24.6
2024-05-05 14:25:00,298.2,36.0,24.6
2024-05-05 14:30:00,304.1,35.9,24.7
2024-05-05 14:35:00,304.5,35.5,24.8
2024-05-05 14:40:00,309.2,35.2,24.8
2024-05-05 14:45:00,305.3,35.1,24.7
2024-05-05 14:50:00,304.2,35.7,24.6
2024-05-05 14:55:00,300.5,35.7,24.7
2024-05-05 15:00:00,300.0,35.6,24.6
2024-05-05 15:05:00,313.6,35.1,24.8
2024-05-05 15:10:00,318.2,35.1,24.7
2024-05-05 15:15:00,324.4,35.3,24.8
2024-05-05 15:20:00,321.1,36.1,25.0
2024-05-05 15:25:00,334.3,36.8,25.5
2024-05-05 15:30:00,329.3,39.0,27.8
2024-05-05 15:35:00,335.4,38.9,27.8
2024-05-05 15:40:00,325.8,39.2,28.3
2024-05-05 15:45:00,327.9,38.9,28.0
2024-05-05 15:50:00,331.5,39.7,29.0
2024-05-05 15:55:00,334.6,39.0,28.0
2024-05-05 16:00:00,348.3,37.4,26.3
2024-05-05 16:05:00,341.1,35.9,25.1
2024-05-05 16:10:00,342.4,35.4,24.8
2024-05-05 16:15:00,346.2,35.3,24.7
2024-05-05 16:20:00,351.3,35.1,24.7
2024-05-05 16:25:00,348.1,35.3,24.8
2024-05-05 16:30:00,331.9,35.2,24.8
2024-05-05 16:35:00,331.6,35.2,24.7
2024-05-05 16:40:00,337.2,35.2,24.7
2024-05-05 16:45:00,358.2,35.2,24.8
2024-05-05 16:50:00,360.6,35.3,24.9
2024-05-05 16:55:00,370.6,35.1,24.8
2024-05-05 17:00:00,359.9,35.2,24.8
2024-05-05 17:05:00,361.8,35.1,24.7
2024-05-05 17:10:00,358.9,35.1,24.7
2024-05-05 17:15:00,361.7,35.0,24.7
2024-05-05 17:20:00,365.7,35.0,24.8
2024-05-05 17:25:00,367.1,35.0,24.8
2024-05-05 17:30:00,370.6,35.0,24.8
2024-05-05 17:35:00,363.4,34.8,24.7
2024-05-05 17:40:00,356.2,34.8,24.7
2024-05-05 17:45:00,353.6,36.8,25.9
2024-05-05 17:50:00,370.7,36.9,26.0
2024-05-05 17:55:00,370.4,37.1,26.1
2024-05-05 18:00:00,377.4,35.6,25.1
2024-05-05 18:05:00,375.3,35.9,25.4
2024-05-05 18:10:00,374.1,36.1,25.3
2024-05-05 18:15:00,379.1,35.8,25.1
2024-05-05 18:20:00,381.6,35.4,24.9
2024-05-05 18:25:00,402.4,35.3,24.9
2024-05-05 18:30:00,393.3,34.9,24.7
2024-05-05 18:35:00,384.4,40.6,24.2
2024-05-05 18:40:00,376.0,44.4,23.8
2024-05-05 18:45:00,402.9,44.6,24.1
2024-05-05 18:50:00,420.9,42.6,23.9
2024-05-05 18:55:00,418.7,58.7,26.4
2024-05-05 19:00:00,408.8,58.8,26.6
2024-05-05 19:05:00,398.1,55.0,25.4
2024-05-05 19:10:00,411.6,34.9,24.6
2024-05-05 19:15:00,432.6,34.7,24.6
2024-05-05 19:20:00,442.1,34.8,24.6
2024-05-05 19:25:00,501.0,34.7,24.6
2024-05-05 19:30:00,573.2,34.5,24.6
2024-05-05 19:35:00,652.8,34.4,24.5
2024-05-05 19:40:00,666.0,34.5,24.6
2024-05-05 19:45:00,599.0,35.0,24.6
2024-05-05 19:50:00,549.5,36.6,24.5
2024-05-05 19:55:00,492.9,38.4,24.5
2024-05-05 20:00:00,471.6,39.8,24.6
2024-05-05 20:05:00,450.5,39.8,24.6
2024-05-05 20:10:00,443.0,40.0,24.8
2024-05-05 20:15:00,446.8,39.7,24.5
2024-05-05 20:20:00,449.5,40.0,24.5
2024-05-05 20:25:00,439.9,40.0,24.3
2024-05-05 20:30:00,445.8,40.4,24.6
2024-05-05 20:35:00,454.1,40.4,24.7
2024-05-05 20:40:00,453.0,39.7,24.6
2024-05-05 20:45:00,456.3,37.6,24.3
2024-05-05 20:50:00,443.5,35.8,24.5
2024-05-05 20:55:00,454.5,34.6,24.7
2024-05-05 21:00:00,443.7,34.7,24.7
2024-05-05 21:05:00,449.8,34.6,24.7
2024-05-05 21:10:00,451.0,34.4,24.5
2024-05-05 21:15:00,442.2,34.6,24.6
2024-05-05 21:20:00,452.8,34.7,24.7
2024-05-05 21:25:00,458.8,35.0,24.7
2024-05-05 21:30:00,475.1,35.0,24.6
2024-05-05 21:35:00,459.7,34.9,24.6
2024-05-05 21:40:00,448.1,34.7,24.6
2024-05-05 21:45:00,448.6,34.6,24.6
2024-05-05 21:50:00,456.3,34.6,24.6
2024-05-05 21:55:00,469.0,34.5,24.6
2024-05-05 22:00:00,465.6,34.4,24.6
2024-05-05 22:05:00,473.3,34.4,24.6
2024-05-05 22:10:00,460.6,34.5,24.6
2024-05-05 22:15:00,478.5,34.5,24.6
2024-05-05 22:20:00,463.9,34.5,24.5
2024-05-05 22:25:00,489.0,34.4,24.5
2024-05-05 22:30:00,478.4,34.4,24.5
2024-05-05 22:35:00,487.6,34.4,24.5
2024-05-05 22:40:00,477.7,34.5,24.6
2024-05-05 22:45:00,479.9,34.6,24.7
2024-05-05 22:50:00,475.0,34.5,24.7
2024-05-05 22:55:00,473.1,34.5,24.7
2024-05-05 23:00:00,468.5,34.5,24.6
2024-05-05 23:05:00,468.3,34.4,24.6
2024-05-05 23:10:00,472.7,34.5,24.6
2024-05-05 23:15:00,491.6,34.5,24.6
2024-05-05 23:20:00,488.8,34.5,24.7
2024-05-05 23:25:00,510.2,34.3,24.5
2024-05-05 23:30:00,492.0,34.4,24.5
2024-05-05 23:35:00,483.7,34.4,24.4
2024-05-05 23:40:00,470.1,34.5,24.5
2024-05-05 23:45:00,470.9,34.4,24.5
2024-05-05 23:50:00,473.2,34.5,24.6
2024-05-05 23:55:00,504.0,34.5,24.7
2024-05-06 00:00:00,,,
2024-05-06 00:05:00,454.5,34.5,24.7
2024-05-06 00:10:00,477.2,34.5,24.6
2024-05-06 00:15:00,501.3,34.4,24.6
2024-05-06 00:20:00,526.5,34.2,24.4
2024-05-06 00:25:00,517.3,34.0,24.3
2024-05-06 00:30:00,524.0,34.0,24.3
2024-05-06 00:35:00,521.7,34.2,24.3
2024-05-06 00:40:00,511.6,34.3,24.4
2024-05-06 00:45:00,506.6,34.3,24.4
2024-05-06 00:50:00,495.6,34.2,24.4
2024-05-06 00:55:00,502.2,34.2,24.4
2024-05-06 01:00:00,494.2,34.1,24.3
2024-05-06 01:05:00,485.6,34.2,24.4
2024-05-06 01:10:00,463.9,34.1,24.4
2024-05-06 01:15:00,482.1,34.3,24.5
2024-05-06 01:20:00,474.6,34.1,24.4
2024-05-06 01:25:00,505.0,34.1,24.4
2024-05-06 01:30:00,492.0,34.1,24.4
2024-05-06 01:35:00,519.2,34.2,24.5
2024-05-06 01:40:00,504.5,34.2,24.5
2024-05-06 01:45:00,494.2,34.3,24.5
2024-05-06 01:50:00,493.5,34.3,24.4
2024-05-06 01:55:00,510.9,34.4,24.4
2024-05-06 02:00:00,519.2,34.4,24.4
2024-05-06 02:05:00,482.8,34.4,24.5
2024-05-06 02:10:00,467.9,34.3,24.4
2024-05-06 02:15:00,462.2,34.3,24.5
2024-05-06 02:20:00,468.5,34.2,24.4
2024-05-06 02:25:00,468.7,34.4,24.5
2024-05-06 02:30:00,480.0,34.4,24.4
2024-05-06 02:35:00,470.7,34.4,24.4
2024-05-06 02:40:00,459.1,34.5,24.5
2024-05-06 02:45:00,442.6,34.6,24.5
2024-05-06 02:50:00,469.7,34.7,24.6
2024-05-06 02:55:00,500.7,34.6,24.6
2024-05-06 03:00:00,503.0,34.6,24.5
2024-05-06 03:05:00,492.0,34.6,24.5
2024-05-06 03:10:00,473.7,34.4,24.4
2024-05-06 03:15:00,507.8,34.3,24.4
2024-05-06 03:20:00,521.8,34.5,24.4
2024-05-06 03:25:00,518.1,34.6,24.5
2024-05-06 03:30:00,486.6,34.6,24.5
2024-05-06 03:35:00,472.3,34.9,24.4
2024-05-06 03:40:00,464.3,34.7,24.3
2024-05-06 03:45:00,472.6,34.7,24.3
2024-05-06 03:50:00,478.1,34.4,24.4
2024-05-06 03:55:00,495.2,34.4,24.4
2024-05-06 04:00:00,486.9,34.8,24.4
2024-05-06 04:05:00,480.0,34.9,24.4
2024-05-06 04:10:00,469.5,35.1,24.5
2024-05-06 04:15:00,481.4,34.5,24.5
2024-05-06 04:20:00,478.4,34.5,24.5
2024-05-06 04:25:00,477.6,34.4,24.4
2024-05-06 04:30:00,455.7,34.8,24.5
2024-05-06 04:35:00,463.8,35.4,24.6
2024-05-06 04:40:00,471.9,35.6,24.6
2024-05-06 04:45:00,483.3,35.3,24.4
2024-05-06 04:50:00,476.6,34.8,24.4
2024-05-06 04:55:00,469.5,35.0,24.4
2024-05-06 05:00:00,458.5,34.9,24.4
2024-05-06 05:05:00,438.2,35.1,24.4
2024-05-06 05:10:00,456.6,34.8,24.3
2024-05-06 05:15:00,461.1,34.9,24.3
2024-05-06 05:20:00,483.1,34.9,24.3
2024-05-06 05:25:00,462.2,34.9,24.4
2024-05-06 05:30:00,462.1,35.0,24.4
2024-05-06 05:35:00,448.1,35.1,24.4
2024-05-06 05:40:00,447.0,35.2,24.4
2024-05-06 05:45:00,434.5,35.5,24.5
2024-05-06 05:50:00,438.0,35.4,24.4
2024-05-06 05:55:00,433.7,35.5,24.5
2024-05-06 06:00:00,427.2,35.2,24.5
2024-05-06 06:05:00,432.3,35.1,24.5
2024-05-06 06:10:00,441.9,35.0,24.4
2024-05-06 06:15:00,446.3,34.9,24.4
2024-05-06 06:20:00,446.3,34.9,24.4
2024-05-06 06:25:00,454.4,34.9,24.5
2024-05-06 06:30:00,470.4,35.0,24.4
2024-05-06 06:35:00,474.8,35.0,24.5
2024-05-06 06:40:00,459.4,34.9,24.5
2024-05-06 06:45:00,442.0,34.8,24.5
2024-05-06 06:50:00,449.0,34.8,24.4
2024-05-06 06:55:00,444.0,34.8,24.5
2024-05-06 07:00:00,454.0,35.0,24.6
2024-05-06 07:05:00,441.0,45.7,24.0
2024-05-06 07:10:00,453.3,46.5,24.1
2024-05-06 07:15:00,448.9,46.4,24.0
2024-05-06 07:20:00,452.6,35.8,24.4
2024-05-06 07:25:00,457.8,35.0,24.6
2024-05-06 07:30:00,458.9,35.1,24.6
2024-05-06 07:35:00,456.2,35.0,24.6
2024-05-06 07:40:00,448.6,35.1,24.6
2024-05-06 07:45:00,436.9,35.1,24.6
2024-05-06 07:50:00,432.7,35.2,24.6
2024-05-06 07:55:00,408.8,35.3,24.4
2024-05-06 08:00:00,416.3,35.7,24.5
2024-05-06 08:05:00,411.6,35.5,24.4
2024-05-06 08:10:00,432.7,35.4,24.6
2024-05-06 08:15:00,429.7,35.4,24.7
2024-05-06 08:20:00,428.4,35.5,24.8
2024-05-06 08:25:00,423.6,35.3,24.7
2024-05-06 08:30:00,419.5,35.0,24.5
2024-05-06 08:35:00,416.2,35.8,24.8
2024-05-06 08:40:00,421.8,37.6,25.5
2024-05-06 08:45:00,436.3,37.7,25.5
2024-05-06 08:50:00,429.1,37.1,25.1
2024-05-06 08:55:00,538.2,40.4,23.9
2024-05-06 09:00:00,533.1,42.3,25.8
2024-05-06 09:05:00,543.6,43.6,27.7
2024-05-06 09:10:00,408.8,38.8,27.7
2024-05-06 09:15:00,387.3,37.0,25.9
2024-05-06 09:20:00,387.3,35.6,24.8
2024-05-06 09:25:00,401.3,35.3,24.7
