Digitiser	Starttime	Endtime
A957	2024-01-01T00:00:00.000000Z	2024-01-01T23:59:59.999000Z
A901	2024-01-01T00:00:00.000000Z	2024-01-01T23:59:59.999000Z
A350	2024-01-01T00:00:00.000000Z	2024-01-01T23:59:59.999000Z
A322	2024-01-01T00:00:00.000000Z	2024-01-01T23:59:59.999000Z
A957	2024-01-02T00:00:00.000000Z	2024-01-02T23:59:59.999000Z
A901	2024-01-02T00:00:00.000000Z	2024-01-02T23:59:59.999000Z
A350	2024-01-02T00:00:00.000000Z	2024-01-02T23:59:59.999000Z
A322	2024-01-02T00:00:00.000000Z	2024-01-02T23:59:59.999000Z
A322	2024-01-03T00:00:00.000000Z	2024-01-03T10:14:59.999000Z
A322	2024-01-03T00:00:00.000000Z	2024-01-03T10:14:59.999000Z
A350	2024-01-03T00:00:00.000000Z	2024-01-03T10:14:59.999000Z
A350	2024-01-03T00:00:00.000000Z	2024-01-03T10:14:59.999000Z
A901	2024-01-03T00:00:00.000000Z	2024-01-03T10:14:59.999000Z
A957	2024-01-03T00:00:00.000000Z	2024-01-03T10:14:59.999000Z
A957	2024-01-03T00:00:00.000000Z	2024-01-03T10:14:59.999000Z
A901	2024-01-03T00:00:00.000000Z	2024-01-03T10:14:59.999000Z
A957	2024-01-04T12:55:00.000000Z	2024-01-04T12:59:59.999000Z
A901	2024-01-04T12:55:00.000000Z	2024-01-04T12:59:59.999000Z
A350	2024-01-04T12:55:00.000000Z	2024-01-04T12:59:59.999000Z
A322	2024-01-04T12:55:00.000000Z	2024-01-04T12:59:59.999000Z
A322	2024-01-05T00:00:00.000000Z	2024-01-05T07:44:59.999000Z
A957	2024-01-05T00:00:00.000000Z	2024-01-05T07:44:59.999000Z
A957	2024-01-05T00:00:00.000000Z	2024-01-05T07:44:59.999000Z
A901	2024-01-05T00:00:00.000000Z	2024-01-05T07:44:59.999000Z
A901	2024-01-05T00:00:00.000000Z	2024-01-05T07:44:59.999000Z
A350	2024-01-05T00:00:00.000000Z	2024-01-05T07:44:59.999000Z
A350	2024-01-05T00:00:00.000000Z	2024-01-05T07:44:59.999000Z
A322	2024-01-05T00:00:00.000000Z	2024-01-05T07:44:59.999000Z
A957	2024-01-05T07:40:00.000000Z	2024-01-05T23:59:59.999000Z
A901	2024-01-05T07:40:00.000000Z	2024-01-05T23:59:59.999000Z
A350	2024-01-05T07:40:00.000000Z	2024-01-05T23:59:59.999000Z
A322	2024-01-05T07:40:00.000000Z	2024-01-05T23:59:59.999000Z
A957	2024-01-06T00:00:00.000000Z	2024-01-06T23:59:59.999000Z
A901	2024-01-06T00:00:00.000000Z	2024-01-06T23:59:59.999000Z
A350	2024-01-06T00:00:00.000000Z	2024-01-06T23:59:59.999000Z
A322	2024-01-06T00:00:00.000000Z	2024-01-06T23:59:59.999000Z
A957	2024-01-07T00:00:00.000000Z	2024-01-07T23:59:59.999000Z
A901	2024-01-07T00:00:00.000000Z	2024-01-07T23:59:59.999000Z
A350	2024-01-07T00:00:00.000000Z	2024-01-07T23:59:59.999000Z
A322	2024-01-07T00:00:00.000000Z	2024-01-07T23:59:59.999000Z
A957	2024-01-08T00:00:00.000000Z	2024-01-08T23:59:59.999000Z
A901	2024-01-08T00:00:00.000000Z	2024-01-08T23:59:59.999000Z
A350	2024-01-08T00:00:00.000000Z	2024-01-08T23:59:59.999000Z
A322	2024-01-08T00:00:00.000000Z	2024-01-08T23:59:59.999000Z
A957	2024-01-09T00:00:00.000000Z	2024-01-09T23:59:59.999000Z
A901	2024-01-09T00:00:00.000000Z	2024-01-09T23:59:59.999000Z
A350	2024-01-09T00:00:00.000000Z	2024-01-09T23:59:59.999000Z
A322	2024-01-09T00:00:00.000000Z	2024-01-09T23:59:59.999000Z
A957	2024-01-10T00:00:00.000000Z	2024-01-10T23:59:59.999000Z
A901	2024-01-10T00:00:00.000000Z	2024-01-10T23:59:59.999000Z
A350	2024-01-10T00:00:00.000000Z	2024-01-10T23:59:59.999000Z
A322	2024-01-10T00:00:00.000000Z	2024-01-10T23:59:59.999000Z
A957	2024-01-11T00:00:00.000000Z	2024-01-11T23:59:59.999000Z
A901	2024-01-11T00:00:00.000000Z	2024-01-11T23:59:59.999000Z
A350	2024-01-11T00:00:00.000000Z	2024-01-11T23:59:59.999000Z
A322	2024-01-11T00:00:00.000000Z	2024-01-11T23:59:59.999000Z
A957	2024-01-12T00:00:00.000000Z	2024-01-12T23:59:59.999000Z
A901	2024-01-12T00:00:00.000000Z	2024-01-12T23:59:59.999000Z
A350	2024-01-12T00:00:00.000000Z	2024-01-12T23:59:59.999000Z
A322	2024-01-12T00:00:00.000000Z	2024-01-12T23:59:59.999000Z
A957	2024-01-13T00:00:00.000000Z	2024-01-13T23:59:59.999000Z
A901	2024-01-13T00:00:00.000000Z	2024-01-13T23:59:59.999000Z
A350	2024-01-13T00:00:00.000000Z	2024-01-13T23:59:59.999000Z
A322	2024-01-13T00:00:00.000000Z	2024-01-13T23:59:59.999000Z
A957	2024-01-14T00:00:00.000000Z	2024-01-14T23:59:59.999000Z
A901	2024-01-14T00:00:00.000000Z	2024-01-14T23:59:59.999000Z
A350	2024-01-14T00:00:00.000000Z	2024-01-14T23:59:59.999000Z
A322	2024-01-14T00:00:00.000000Z	2024-01-14T23:59:59.999000Z
A957	2024-01-15T00:00:00.000000Z	2024-01-15T23:59:59.999000Z
A901	2024-01-15T00:00:00.000000Z	2024-01-15T23:59:59.999000Z
A350	2024-01-15T00:00:00.000000Z	2024-01-15T23:59:59.999000Z
A322	2024-01-15T00:00:00.000000Z	2024-01-15T23:59:59.999000Z
A957	2024-01-16T00:00:00.000000Z	2024-01-16T23:59:59.999000Z
A901	2024-01-16T00:00:00.000000Z	2024-01-16T23:59:59.999000Z
A350	2024-01-16T00:00:00.000000Z	2024-01-16T23:59:59.999000Z
A322	2024-01-16T00:00:00.000000Z	2024-01-16T23:59:59.999000Z
A957	2024-01-17T00:00:00.000000Z	2024-01-17T23:59:59.999000Z
A901	2024-01-17T00:00:00.000000Z	2024-01-17T23:59:59.999000Z
A350	2024-01-17T00:00:00.000000Z	2024-01-17T23:59:59.999000Z
A322	2024-01-17T00:00:00.000000Z	2024-01-17T23:59:59.999000Z
A957	2024-01-18T00:00:00.000000Z	2024-01-18T23:59:59.999000Z
A901	2024-01-18T00:00:00.000000Z	2024-01-18T23:59:59.999000Z
A350	2024-01-18T00:00:00.000000Z	2024-01-18T23:59:59.999000Z
A322	2024-01-18T00:00:00.000000Z	2024-01-18T23:59:59.999000Z
A957	2024-01-19T00:00:00.000000Z	2024-01-19T23:59:59.999000Z
A901	2024-01-19T00:00:00.000000Z	2024-01-19T23:59:59.999000Z
A350	2024-01-19T00:00:00.000000Z	2024-01-19T23:59:59.999000Z
A322	2024-01-19T00:00:00.000000Z	2024-01-19T23:59:59.999000Z
A957	2024-01-20T00:00:00.000000Z	2024-01-20T23:59:59.999000Z
A901	2024-01-20T00:00:00.000000Z	2024-01-20T23:59:59.999000Z
A350	2024-01-20T00:00:00.000000Z	2024-01-20T23:59:59.999000Z
A322	2024-01-20T00:00:00.000000Z	2024-01-20T23:59:59.999000Z
A957	2024-01-21T00:00:00.000000Z	2024-01-21T23:59:59.999000Z
A901	2024-01-21T00:00:00.000000Z	2024-01-21T23:59:59.999000Z
A350	2024-01-21T00:00:00.000000Z	2024-01-21T23:59:59.999000Z
A322	2024-01-21T00:00:00.000000Z	2024-01-21T23:59:59.999000Z
A957	2024-01-22T00:00:00.000000Z	2024-01-22T23:59:59.999000Z
A901	2024-01-22T00:00:00.000000Z	2024-01-22T23:59:59.999000Z
A350	2024-01-22T00:00:00.000000Z	2024-01-22T23:59:59.999000Z
A322	2024-01-22T00:00:00.000000Z	2024-01-22T23:59:59.999000Z
A957	2024-01-23T00:00:00.000000Z	2024-01-23T14:59:59.999000Z
A901	2024-01-23T00:00:00.000000Z	2024-01-23T14:59:59.999000Z
A350	2024-01-23T00:00:00.000000Z	2024-01-23T14:59:59.999000Z
A322	2024-01-23T00:00:00.000000Z	2024-01-23T14:59:59.999000Z
A957	2024-01-23T16:35:00.000000Z	2024-01-23T23:59:59.999000Z
A901	2024-01-23T16:35:00.000000Z	2024-01-23T23:59:59.999000Z
A350	2024-01-23T16:35:00.000000Z	2024-01-23T23:59:59.999000Z
A322	2024-01-23T16:35:00.000000Z	2024-01-23T23:59:59.999000Z
A957	2024-01-24T00:00:00.000000Z	2024-01-24T23:59:59.999000Z
A901	2024-01-24T00:00:00.000000Z	2024-01-24T23:59:59.999000Z
A350	2024-01-24T00:00:00.000000Z	2024-01-24T23:59:59.999000Z
A322	2024-01-24T00:00:00.000000Z	2024-01-24T23:59:59.999000Z
A957	2024-01-25T00:00:00.000000Z	2024-01-25T23:59:59.999000Z
A901	2024-01-25T00:00:00.000000Z	2024-01-25T23:59:59.999000Z
A350	2024-01-25T00:00:00.000000Z	2024-01-25T23:59:59.999000Z
A322	2024-01-25T00:00:00.000000Z	2024-01-25T23:59:59.999000Z
A957	2024-01-26T00:00:00.000000Z	2024-01-26T23:59:59.999000Z
A901	2024-01-26T00:00:00.000000Z	2024-01-26T23:59:59.999000Z
A350	2024-01-26T00:00:00.000000Z	2024-01-26T23:59:59.999000Z
A322	2024-01-26T00:00:00.000000Z	2024-01-26T23:59:59.999000Z
A957	2024-01-27T00:00:00.000000Z	2024-01-27T23:59:59.999000Z
A901	2024-01-27T00:00:00.000000Z	2024-01-27T23:59:59.999000Z
A350	2024-01-27T00:00:00.000000Z	2024-01-27T23:59:59.999000Z
A322	2024-01-27T00:00:00.000000Z	2024-01-27T23:59:59.999000Z
A957	2024-01-28T00:00:00.000000Z	2024-01-28T23:59:59.999000Z
A901	2024-01-28T00:00:00.000000Z	2024-01-28T23:59:59.999000Z
A350	2024-01-28T00:00:00.000000Z	2024-01-28T23:59:59.999000Z
A322	2024-01-28T00:00:00.000000Z	2024-01-28T23:59:59.999000Z
A957	2024-01-29T00:00:00.000000Z	2024-01-29T23:59:59.999000Z
A901	2024-01-29T00:00:00.000000Z	2024-01-29T23:59:59.999000Z
A350	2024-01-29T00:00:00.000000Z	2024-01-29T23:59:59.999000Z
A322	2024-01-29T00:00:00.000000Z	2024-01-29T23:59:59.999000Z
A957	2024-01-30T00:00:00.000000Z	2024-01-30T23:59:59.999000Z
A901	2024-01-30T00:00:00.000000Z	2024-01-30T23:59:59.999000Z
A350	2024-01-30T00:00:00.000000Z	2024-01-30T23:59:59.999000Z
A322	2024-01-30T00:00:00.000000Z	2024-01-30T23:59:59.999000Z
A957	2024-01-31T00:00:00.000000Z	2024-01-31T23:59:59.999000Z
A901	2024-01-31T00:00:00.000000Z	2024-01-31T23:59:59.999000Z
A350	2024-01-31T00:00:00.000000Z	2024-01-31T23:59:59.999000Z
A322	2024-01-31T00:00:00.000000Z	2024-01-31T23:59:59.999000Z
A957	2024-02-01T00:00:00.000000Z	2024-02-01T23:59:59.999000Z
A901	2024-02-01T00:00:00.000000Z	2024-02-01T23:59:59.999000Z
A350	2024-02-01T00:00:00.000000Z	2024-02-01T23:59:59.999000Z
A322	2024-02-01T00:00:00.000000Z	2024-02-01T23:59:59.999000Z
A957	2024-02-02T00:00:00.000000Z	2024-02-02T23:59:59.999000Z
A901	2024-02-02T00:00:00.000000Z	2024-02-02T23:59:59.999000Z
A350	2024-02-02T00:00:00.000000Z	2024-02-02T23:59:59.999000Z
A322	2024-02-02T00:00:00.000000Z	2024-02-02T23:59:59.999000Z
A957	2024-02-03T00:00:00.000000Z	2024-02-03T23:59:59.999000Z
A901	2024-02-03T00:00:00.000000Z	2024-02-03T23:59:59.999000Z
A350	2024-02-03T00:00:00.000000Z	2024-02-03T23:59:59.999000Z
A322	2024-02-03T00:00:00.000000Z	2024-02-03T23:59:59.999000Z
A957	2024-02-04T00:00:00.000000Z	2024-02-04T23:59:59.999000Z
A901	2024-02-04T00:00:00.000000Z	2024-02-04T23:59:59.999000Z
A350	2024-02-04T00:00:00.000000Z	2024-02-04T23:59:59.999000Z
A322	2024-02-04T00:00:00.000000Z	2024-02-04T23:59:59.999000Z
A957	2024-02-05T00:00:00.000000Z	2024-02-05T23:59:59.999000Z
A901	2024-02-05T00:00:00.000000Z	2024-02-05T23:59:59.999000Z
A350	2024-02-05T00:00:00.000000Z	2024-02-05T23:59:59.999000Z
A322	2024-02-05T00:00:00.000000Z	2024-02-05T23:59:59.999000Z
A957	2024-02-06T00:00:00.000000Z	2024-02-06T23:59:59.999000Z
A901	2024-02-06T00:00:00.000000Z	2024-02-06T23:59:59.999000Z
A350	2024-02-06T00:00:00.000000Z	2024-02-06T23:59:59.999000Z
A322	2024-02-06T00:00:00.000000Z	2024-02-06T23:59:59.999000Z
A957	2024-02-07T00:00:00.000000Z	2024-02-07T23:59:59.999000Z
A901	2024-02-07T00:00:00.000000Z	2024-02-07T23:59:59.999000Z
A350	2024-02-07T00:00:00.000000Z	2024-02-07T23:59:59.999000Z
A322	2024-02-07T00:00:00.000000Z	2024-02-07T23:59:59.999000Z
A957	2024-02-08T00:00:00.000000Z	2024-02-08T11:04:59.999000Z
A901	2024-02-08T00:00:00.000000Z	2024-02-08T11:04:59.999000Z
A350	2024-02-08T00:00:00.000000Z	2024-02-08T11:04:59.999000Z
A322	2024-02-08T00:00:00.000000Z	2024-02-08T11:04:59.999000Z
A957	2024-02-08T11:10:00.000000Z	2024-02-08T23:59:59.999000Z
A901	2024-02-08T11:10:00.000000Z	2024-02-08T23:59:59.999000Z
A350	2024-02-08T11:10:00.000000Z	2024-02-08T23:59:59.999000Z
A322	2024-02-08T11:10:00.000000Z	2024-02-08T23:59:59.999000Z
A957	2024-02-09T00:00:00.000000Z	2024-02-09T23:59:59.999000Z
A901	2024-02-09T00:00:00.000000Z	2024-02-09T23:59:59.999000Z
A350	2024-02-09T00:00:00.000000Z	2024-02-09T23:59:59.999000Z
A322	2024-02-09T00:00:00.000000Z	2024-02-09T23:59:59.999000Z
A957	2024-02-10T00:00:00.000000Z	2024-02-10T23:59:59.999000Z
A901	2024-02-10T00:00:00.000000Z	2024-02-10T23:59:59.999000Z
A350	2024-02-10T00:00:00.000000Z	2024-02-10T23:59:59.999000Z
A322	2024-02-10T00:00:00.000000Z	2024-02-10T23:59:59.999000Z
A957	2024-02-11T00:00:00.000000Z	2024-02-11T23:59:59.999000Z
A901	2024-02-11T00:00:00.000000Z	2024-02-11T23:59:59.999000Z
A350	2024-02-11T00:00:00.000000Z	2024-02-11T23:59:59.999000Z
A322	2024-02-11T00:00:00.000000Z	2024-02-11T23:59:59.999000Z
A957	2024-02-12T00:00:00.000000Z	2024-02-12T23:59:59.999000Z
A901	2024-02-12T00:00:00.000000Z	2024-02-12T23:59:59.999000Z
A350	2024-02-12T00:00:00.000000Z	2024-02-12T23:59:59.999000Z
A322	2024-02-12T00:00:00.000000Z	2024-02-12T23:59:59.999000Z
A957	2024-02-13T00:00:00.000000Z	2024-02-13T23:59:59.999000Z
A901	2024-02-13T00:00:00.000000Z	2024-02-13T23:59:59.999000Z
A350	2024-02-13T00:00:00.000000Z	2024-02-13T23:59:59.999000Z
A322	2024-02-13T00:00:00.000000Z	2024-02-13T23:59:59.999000Z
A957	2024-02-14T00:00:00.000000Z	2024-02-14T23:59:59.999000Z
A901	2024-02-14T00:00:00.000000Z	2024-02-14T23:59:59.999000Z
A350	2024-02-14T00:00:00.000000Z	2024-02-14T23:59:59.999000Z
A322	2024-02-14T00:00:00.000000Z	2024-02-14T23:59:59.999000Z
A957	2024-02-15T00:00:00.000000Z	2024-02-15T10:24:59.999000Z
A901	2024-02-15T00:00:00.000000Z	2024-02-15T10:24:59.999000Z
A350	2024-02-15T00:00:00.000000Z	2024-02-15T10:24:59.999000Z
A322	2024-02-15T00:00:00.000000Z	2024-02-15T10:24:59.999000Z
A957	2024-02-15T10:30:00.000000Z	2024-02-15T23:59:59.999000Z
A901	2024-02-15T10:30:00.000000Z	2024-02-15T23:59:59.999000Z
A350	2024-02-15T10:30:00.000000Z	2024-02-15T23:59:59.999000Z
A322	2024-02-15T10:30:00.000000Z	2024-02-15T23:59:59.999000Z
A957	2024-02-16T00:00:00.000000Z	2024-02-16T23:59:59.999000Z
A901	2024-02-16T00:00:00.000000Z	2024-02-16T23:59:59.999000Z
A350	2024-02-16T00:00:00.000000Z	2024-02-16T23:59:59.999000Z
A322	2024-02-16T00:00:00.000000Z	2024-02-16T23:59:59.999000Z
A957	2024-02-17T00:00:00.000000Z	2024-02-17T23:59:59.999000Z
A901	2024-02-17T00:00:00.000000Z	2024-02-17T23:59:59.999000Z
A350	2024-02-17T00:00:00.000000Z	2024-02-17T23:59:59.999000Z
A322	2024-02-17T00:00:00.000000Z	2024-02-17T23:59:59.999000Z
A957	2024-02-18T00:00:00.000000Z	2024-02-18T23:59:59.999000Z
A901	2024-02-18T00:00:00.000000Z	2024-02-18T23:59:59.999000Z
A350	2024-02-18T00:00:00.000000Z	2024-02-18T23:59:59.999000Z
A322	2024-02-18T00:00:00.000000Z	2024-02-18T23:59:59.999000Z
A957	2024-02-19T00:00:00.000000Z	2024-02-19T23:59:59.999000Z
A901	2024-02-19T00:00:00.000000Z	2024-02-19T23:59:59.999000Z
A350	2024-02-19T00:00:00.000000Z	2024-02-19T23:59:59.999000Z
A322	2024-02-19T00:00:00.000000Z	2024-02-19T23:59:59.999000Z
A957	2024-02-20T00:00:00.000000Z	2024-02-20T23:59:59.999000Z
A901	2024-02-20T00:00:00.000000Z	2024-02-20T23:59:59.999000Z
A350	2024-02-20T00:00:00.000000Z	2024-02-20T23:59:59.999000Z
A322	2024-02-20T00:00:00.000000Z	2024-02-20T23:59:59.999000Z
A957	2024-02-21T00:00:00.000000Z	2024-02-21T23:59:59.999000Z
A901	2024-02-21T00:00:00.000000Z	2024-02-21T23:59:59.999000Z
A350	2024-02-21T00:00:00.000000Z	2024-02-21T23:59:59.999000Z
A322	2024-02-21T00:00:00.000000Z	2024-02-21T23:59:59.999000Z
A957	2024-02-22T00:00:00.000000Z	2024-02-22T23:59:59.999000Z
A901	2024-02-22T00:00:00.000000Z	2024-02-22T23:59:59.999000Z
A350	2024-02-22T00:00:00.000000Z	2024-02-22T23:59:59.999000Z
A322	2024-02-22T00:00:00.000000Z	2024-02-22T23:59:59.999000Z
A957	2024-02-23T00:00:00.000000Z	2024-02-23T23:59:59.999000Z
A901	2024-02-23T00:00:00.000000Z	2024-02-23T23:59:59.999000Z
A350	2024-02-23T00:00:00.000000Z	2024-02-23T23:59:59.999000Z
A322	2024-02-23T00:00:00.000000Z	2024-02-23T23:59:59.999000Z
A957	2024-02-24T00:00:00.000000Z	2024-02-24T23:59:59.999000Z
A901	2024-02-24T00:00:00.000000Z	2024-02-24T23:59:59.999000Z
A350	2024-02-24T00:00:00.000000Z	2024-02-24T23:59:59.999000Z
A322	2024-02-24T00:00:00.000000Z	2024-02-24T23:59:59.999000Z
A957	2024-02-25T00:00:00.000000Z	2024-02-25T23:59:59.999000Z
A901	2024-02-25T00:00:00.000000Z	2024-02-25T23:59:59.999000Z
A350	2024-02-25T00:00:00.000000Z	2024-02-25T23:59:59.999000Z
A322	2024-02-25T00:00:00.000000Z	2024-02-25T23:59:59.999000Z
A957	2024-02-26T00:00:00.000000Z	2024-02-26T23:59:59.999000Z
A901	2024-02-26T00:00:00.000000Z	2024-02-26T23:59:59.999000Z
A350	2024-02-26T00:00:00.000000Z	2024-02-26T23:59:59.999000Z
A322	2024-02-26T00:00:00.000000Z	2024-02-26T23:59:59.999000Z
A957	2024-02-27T00:00:00.000000Z	2024-02-27T23:59:59.999000Z
A901	2024-02-27T00:00:00.000000Z	2024-02-27T23:59:59.999000Z
A350	2024-02-27T00:00:00.000000Z	2024-02-27T23:59:59.999000Z
A322	2024-02-27T00:00:00.000000Z	2024-02-27T23:59:59.999000Z
A957	2024-02-28T00:00:00.000000Z	2024-02-28T23:59:59.999000Z
A901	2024-02-28T00:00:00.000000Z	2024-02-28T23:59:59.999000Z
A350	2024-02-28T00:00:00.000000Z	2024-02-28T23:59:59.999000Z
A322	2024-02-28T00:00:00.000000Z	2024-02-28T23:59:59.999000Z
A957	2024-02-29T00:00:00.000000Z	2024-02-29T23:59:59.999000Z
A901	2024-02-29T00:00:00.000000Z	2024-02-29T23:59:59.999000Z
A350	2024-02-29T00:00:00.000000Z	2024-02-29T23:59:59.999000Z
A322	2024-02-29T00:00:00.000000Z	2024-02-29T23:59:59.999000Z
A957	2024-03-01T00:00:00.000000Z	2024-03-01T23:59:59.999000Z
A901	2024-03-01T00:00:00.000000Z	2024-03-01T23:59:59.999000Z
A350	2024-03-01T00:00:00.000000Z	2024-03-01T23:59:59.999000Z
A322	2024-03-01T00:00:00.000000Z	2024-03-01T23:59:59.999000Z
A957	2024-03-02T00:00:00.000000Z	2024-03-02T23:59:59.999000Z
A901	2024-03-02T00:00:00.000000Z	2024-03-02T23:59:59.999000Z
A350	2024-03-02T00:00:00.000000Z	2024-03-02T23:59:59.999000Z
A322	2024-03-02T00:00:00.000000Z	2024-03-02T23:59:59.999000Z
A957	2024-03-03T00:00:00.000000Z	2024-03-03T23:59:59.999000Z
A901	2024-03-03T00:00:00.000000Z	2024-03-03T23:59:59.999000Z
A350	2024-03-03T00:00:00.000000Z	2024-03-03T23:59:59.999000Z
A322	2024-03-03T00:00:00.000000Z	2024-03-03T23:59:59.999000Z
A957	2024-03-04T00:00:00.000000Z	2024-03-04T23:59:59.999000Z
A901	2024-03-04T00:00:00.000000Z	2024-03-04T23:59:59.999000Z
A350	2024-03-04T00:00:00.000000Z	2024-03-04T23:59:59.999000Z
A322	2024-03-04T00:00:00.000000Z	2024-03-04T23:59:59.999000Z
A957	2024-03-05T00:00:00.000000Z	2024-03-05T23:59:59.999000Z
A901	2024-03-05T00:00:00.000000Z	2024-03-05T23:59:59.999000Z
A350	2024-03-05T00:00:00.000000Z	2024-03-05T23:59:59.999000Z
A322	2024-03-05T00:00:00.000000Z	2024-03-05T23:59:59.999000Z
A957	2024-03-06T00:00:00.000000Z	2024-03-06T23:59:59.999000Z
A901	2024-03-06T00:00:00.000000Z	2024-03-06T23:59:59.999000Z
A350	2024-03-06T00:00:00.000000Z	2024-03-06T23:59:59.999000Z
A322	2024-03-06T00:00:00.000000Z	2024-03-06T23:59:59.999000Z
A957	2024-03-07T00:00:00.000000Z	2024-03-07T23:59:59.999000Z
A901	2024-03-07T00:00:00.000000Z	2024-03-07T23:59:59.999000Z
A350	2024-03-07T00:00:00.000000Z	2024-03-07T23:59:59.999000Z
A322	2024-03-07T00:00:00.000000Z	2024-03-07T23:59:59.999000Z
A957	2024-03-08T00:00:00.000000Z	2024-03-08T23:59:59.999000Z
A901	2024-03-08T00:00:00.000000Z	2024-03-08T23:59:59.999000Z
A350	2024-03-08T00:00:00.000000Z	2024-03-08T23:59:59.999000Z
A322	2024-03-08T00:00:00.000000Z	2024-03-08T23:59:59.999000Z
A957	2024-03-09T00:00:00.000000Z	2024-03-09T23:59:59.999000Z
A901	2024-03-09T00:00:00.000000Z	2024-03-09T23:59:59.999000Z
A350	2024-03-09T00:00:00.000000Z	2024-03-09T23:59:59.999000Z
A322	2024-03-09T00:00:00.000000Z	2024-03-09T23:59:59.999000Z
A957	2024-03-10T00:00:00.000000Z	2024-03-10T23:59:59.999000Z
A901	2024-03-10T00:00:00.000000Z	2024-03-10T23:59:59.999000Z
A350	2024-03-10T00:00:00.000000Z	2024-03-10T23:59:59.999000Z
A322	2024-03-10T00:00:00.000000Z	2024-03-10T23:59:59.999000Z
A957	2024-03-11T00:00:00.000000Z	2024-03-11T23:59:59.999000Z
A901	2024-03-11T00:00:00.000000Z	2024-03-11T23:59:59.999000Z
A350	2024-03-11T00:00:00.000000Z	2024-03-11T23:59:59.999000Z
A322	2024-03-11T00:00:00.000000Z	2024-03-11T23:59:59.999000Z
A957	2024-03-12T00:00:00.000000Z	2024-03-12T23:59:59.999000Z
A901	2024-03-12T00:00:00.000000Z	2024-03-12T23:59:59.999000Z
A350	2024-03-12T00:00:00.000000Z	2024-03-12T23:59:59.999000Z
A322	2024-03-12T00:00:00.000000Z	2024-03-12T23:59:59.999000Z
A957	2024-03-13T00:00:00.000000Z	2024-03-13T23:59:59.999000Z
A901	2024-03-13T00:00:00.000000Z	2024-03-13T23:59:59.999000Z
A350	2024-03-13T00:00:00.000000Z	2024-03-13T23:59:59.999000Z
A322	2024-03-13T00:00:00.000000Z	2024-03-13T23:59:59.999000Z
A957	2024-03-14T00:00:00.000000Z	2024-03-14T23:59:59.999000Z
A901	2024-03-14T00:00:00.000000Z	2024-03-14T23:59:59.999000Z
A350	2024-03-14T00:00:00.000000Z	2024-03-14T23:59:59.999000Z
A322	2024-03-14T00:00:00.000000Z	2024-03-14T23:59:59.999000Z
A957	2024-03-15T00:00:00.000000Z	2024-03-15T23:59:59.999000Z
A901	2024-03-15T00:00:00.000000Z	2024-03-15T23:59:59.999000Z
A350	2024-03-15T00:00:00.000000Z	2024-03-15T23:59:59.999000Z
A322	2024-03-15T00:00:00.000000Z	2024-03-15T23:59:59.999000Z
A957	2024-03-16T00:00:00.000000Z	2024-03-16T23:59:59.999000Z
A901	2024-03-16T00:00:00.000000Z	2024-03-16T23:59:59.999000Z
A350	2024-03-16T00:00:00.000000Z	2024-03-16T23:59:59.999000Z
A322	2024-03-16T00:00:00.000000Z	2024-03-16T23:59:59.999000Z
A957	2024-03-17T00:00:00.000000Z	2024-03-17T23:59:59.999000Z
A901	2024-03-17T00:00:00.000000Z	2024-03-17T23:59:59.999000Z
A350	2024-03-17T00:00:00.000000Z	2024-03-17T23:59:59.999000Z
A322	2024-03-17T00:00:00.000000Z	2024-03-17T23:59:59.999000Z
A957	2024-03-18T00:00:00.000000Z	2024-03-18T23:59:59.999000Z
A901	2024-03-18T00:00:00.000000Z	2024-03-18T23:59:59.999000Z
A350	2024-03-18T00:00:00.000000Z	2024-03-18T23:59:59.999000Z
A322	2024-03-18T00:00:00.000000Z	2024-03-18T23:59:59.999000Z
A957	2024-03-19T00:00:00.000000Z	2024-03-19T07:09:59.999000Z
A901	2024-03-19T00:00:00.000000Z	2024-03-19T07:09:59.999000Z
A350	2024-03-19T00:00:00.000000Z	2024-03-19T07:09:59.999000Z
A322	2024-03-19T00:00:00.000000Z	2024-03-19T07:09:59.999000Z
A957	2024-03-19T07:45:00.000000Z	2024-03-19T23:59:59.999000Z
A901	2024-03-19T07:45:00.000000Z	2024-03-19T23:59:59.999000Z
A350	2024-03-19T07:45:00.000000Z	2024-03-19T23:59:59.999000Z
A322	2024-03-19T07:45:00.000000Z	2024-03-19T23:59:59.999000Z
A957	2024-03-20T00:00:00.000000Z	2024-03-20T23:59:59.999000Z
A901	2024-03-20T00:00:00.000000Z	2024-03-20T23:59:59.999000Z
A350	2024-03-20T00:00:00.000000Z	2024-03-20T23:59:59.999000Z
A322	2024-03-20T00:00:00.000000Z	2024-03-20T23:59:59.999000Z
A957	2024-03-21T00:00:00.000000Z	2024-03-21T23:59:59.999000Z
A901	2024-03-21T00:00:00.000000Z	2024-03-21T23:59:59.999000Z
A350	2024-03-21T00:00:00.000000Z	2024-03-21T23:59:59.999000Z
A322	2024-03-21T00:00:00.000000Z	2024-03-21T23:59:59.999000Z
A957	2024-03-22T00:00:00.000000Z	2024-03-22T23:59:59.999000Z
A901	2024-03-22T00:00:00.000000Z	2024-03-22T23:59:59.999000Z
A350	2024-03-22T00:00:00.000000Z	2024-03-22T23:59:59.999000Z
A322	2024-03-22T00:00:00.000000Z	2024-03-22T23:59:59.999000Z
A957	2024-03-23T00:00:00.000000Z	2024-03-23T23:59:59.999000Z
A901	2024-03-23T00:00:00.000000Z	2024-03-23T23:59:59.999000Z
A350	2024-03-23T00:00:00.000000Z	2024-03-23T23:59:59.999000Z
A322	2024-03-23T00:00:00.000000Z	2024-03-23T23:59:59.999000Z
A957	2024-03-24T00:00:00.000000Z	2024-03-24T23:59:59.999000Z
A901	2024-03-24T00:00:00.000000Z	2024-03-24T23:59:59.999000Z
A350	2024-03-24T00:00:00.000000Z	2024-03-24T23:59:59.999000Z
A322	2024-03-24T00:00:00.000000Z	2024-03-24T23:59:59.999000Z
A957	2024-03-25T00:00:00.000000Z	2024-03-25T23:59:59.999000Z
A901	2024-03-25T00:00:00.000000Z	2024-03-25T23:59:59.999000Z
A350	2024-03-25T00:00:00.000000Z	2024-03-25T23:59:59.999000Z
A322	2024-03-25T00:00:00.000000Z	2024-03-25T23:59:59.999000Z
A957	2024-03-26T00:00:00.000000Z	2024-03-26T23:59:59.999000Z
A901	2024-03-26T00:00:00.000000Z	2024-03-26T23:59:59.999000Z
A350	2024-03-26T00:00:00.000000Z	2024-03-26T23:59:59.999000Z
A322	2024-03-26T00:00:00.000000Z	2024-03-26T23:59:59.999000Z
A957	2024-03-27T00:00:00.000000Z	2024-03-27T23:59:59.999000Z
A901	2024-03-27T00:00:00.000000Z	2024-03-27T23:59:59.999000Z
A350	2024-03-27T00:00:00.000000Z	2024-03-27T23:59:59.999000Z
A322	2024-03-27T00:00:00.000000Z	2024-03-27T23:59:59.999000Z
A957	2024-03-28T00:00:00.000000Z	2024-03-28T23:59:59.999000Z
A901	2024-03-28T00:00:00.000000Z	2024-03-28T23:59:59.999000Z
A350	2024-03-28T00:00:00.000000Z	2024-03-28T23:59:59.999000Z
A322	2024-03-28T00:00:00.000000Z	2024-03-28T23:59:59.999000Z
A957	2024-03-29T00:00:00.000000Z	2024-03-29T23:59:59.999000Z
A901	2024-03-29T00:00:00.000000Z	2024-03-29T23:59:59.999000Z
A350	2024-03-29T00:00:00.000000Z	2024-03-29T23:59:59.999000Z
A322	2024-03-29T00:00:00.000000Z	2024-03-29T23:59:59.999000Z
A957	2024-03-30T00:00:00.000000Z	2024-03-30T23:59:59.999000Z
A901	2024-03-30T00:00:00.000000Z	2024-03-30T23:59:59.999000Z
A350	2024-03-30T00:00:00.000000Z	2024-03-30T23:59:59.999000Z
A322	2024-03-30T00:00:00.000000Z	2024-03-30T23:59:59.999000Z
A957	2024-03-31T00:00:00.000000Z	2024-03-31T23:59:59.999000Z
A901	2024-03-31T00:00:00.000000Z	2024-03-31T23:59:59.999000Z
A350	2024-03-31T00:00:00.000000Z	2024-03-31T23:59:59.999000Z
A322	2024-03-31T00:00:00.000000Z	2024-03-31T23:59:59.999000Z
A957	2024-04-01T00:00:00.000000Z	2024-04-01T23:59:59.999000Z
A901	2024-04-01T00:00:00.000000Z	2024-04-01T23:59:59.999000Z
A350	2024-04-01T00:00:00.000000Z	2024-04-01T23:59:59.999000Z
A322	2024-04-01T00:00:00.000000Z	2024-04-01T23:59:59.999000Z
A957	2024-04-02T00:00:00.000000Z	2024-04-02T23:59:59.999000Z
A901	2024-04-02T00:00:00.000000Z	2024-04-02T23:59:59.999000Z
A350	2024-04-02T00:00:00.000000Z	2024-04-02T23:59:59.999000Z
A322	2024-04-02T00:00:00.000000Z	2024-04-02T23:59:59.999000Z
A957	2024-04-03T00:00:00.000000Z	2024-04-03T23:59:59.999000Z
A901	2024-04-03T00:00:00.000000Z	2024-04-03T23:59:59.999000Z
A350	2024-04-03T00:00:00.000000Z	2024-04-03T23:59:59.999000Z
A322	2024-04-03T00:00:00.000000Z	2024-04-03T23:59:59.999000Z
A957	2024-04-04T00:00:00.000000Z	2024-04-04T23:59:59.999000Z
A901	2024-04-04T00:00:00.000000Z	2024-04-04T23:59:59.999000Z
A350	2024-04-04T00:00:00.000000Z	2024-04-04T23:59:59.999000Z
A322	2024-04-04T00:00:00.000000Z	2024-04-04T23:59:59.999000Z
A957	2024-04-05T00:00:00.000000Z	2024-04-05T23:59:59.999000Z
A901	2024-04-05T00:00:00.000000Z	2024-04-05T23:59:59.999000Z
A350	2024-04-05T00:00:00.000000Z	2024-04-05T23:59:59.999000Z
A322	2024-04-05T00:00:00.000000Z	2024-04-05T23:59:59.999000Z
A957	2024-04-06T00:00:00.000000Z	2024-04-06T23:59:59.999000Z
A901	2024-04-06T00:00:00.000000Z	2024-04-06T23:59:59.999000Z
A350	2024-04-06T00:00:00.000000Z	2024-04-06T23:59:59.999000Z
A322	2024-04-06T00:00:00.000000Z	2024-04-06T23:59:59.999000Z
A957	2024-04-07T00:00:00.000000Z	2024-04-07T23:59:59.999000Z
A901	2024-04-07T00:00:00.000000Z	2024-04-07T23:59:59.999000Z
A350	2024-04-07T00:00:00.000000Z	2024-04-07T23:59:59.999000Z
A322	2024-04-07T00:00:00.000000Z	2024-04-07T23:59:59.999000Z
A957	2024-04-08T00:00:00.000000Z	2024-04-08T23:59:59.999000Z
A901	2024-04-08T00:00:00.000000Z	2024-04-08T23:59:59.999000Z
A350	2024-04-08T00:00:00.000000Z	2024-04-08T23:59:59.999000Z
A322	2024-04-08T00:00:00.000000Z	2024-04-08T23:59:59.999000Z
A957	2024-04-09T00:00:00.000000Z	2024-04-09T16:54:59.999000Z
A901	2024-04-09T00:00:00.000000Z	2024-04-09T16:54:59.999000Z
A350	2024-04-09T00:00:00.000000Z	2024-04-09T16:54:59.999000Z
A322	2024-04-09T00:00:00.000000Z	2024-04-09T16:54:59.999000Z
A957	2024-04-09T17:00:00.000000Z	2024-04-09T23:59:59.999000Z
A901	2024-04-09T17:00:00.000000Z	2024-04-09T23:59:59.999000Z
A350	2024-04-09T17:00:00.000000Z	2024-04-09T23:59:59.999000Z
A322	2024-04-09T17:00:00.000000Z	2024-04-09T23:59:59.999000Z
A957	2024-04-10T00:00:00.000000Z	2024-04-10T23:59:59.999000Z
A901	2024-04-10T00:00:00.000000Z	2024-04-10T23:59:59.999000Z
A350	2024-04-10T00:00:00.000000Z	2024-04-10T23:59:59.999000Z
A322	2024-04-10T00:00:00.000000Z	2024-04-10T23:59:59.999000Z
A957	2024-04-11T00:00:00.000000Z	2024-04-11T23:59:59.999000Z
A901	2024-04-11T00:00:00.000000Z	2024-04-11T23:59:59.999000Z
A350	2024-04-11T00:00:00.000000Z	2024-04-11T23:59:59.999000Z
A322	2024-04-11T00:00:00.000000Z	2024-04-11T23:59:59.999000Z
A957	2024-04-12T00:00:00.000000Z	2024-04-12T23:59:59.999000Z
A901	2024-04-12T00:00:00.000000Z	2024-04-12T23:59:59.999000Z
A350	2024-04-12T00:00:00.000000Z	2024-04-12T23:59:59.999000Z
A322	2024-04-12T00:00:00.000000Z	2024-04-12T23:59:59.999000Z
A957	2024-04-13T00:00:00.000000Z	2024-04-13T23:59:59.999000Z
A901	2024-04-13T00:00:00.000000Z	2024-04-13T23:59:59.999000Z
A350	2024-04-13T00:00:00.000000Z	2024-04-13T23:59:59.999000Z
A322	2024-04-13T00:00:00.000000Z	2024-04-13T23:59:59.999000Z
A957	2024-04-14T00:00:00.000000Z	2024-04-14T23:59:59.999000Z
A901	2024-04-14T00:00:00.000000Z	2024-04-14T23:59:59.999000Z
A350	2024-04-14T00:00:00.000000Z	2024-04-14T23:59:59.999000Z
A322	2024-04-14T00:00:00.000000Z	2024-04-14T23:59:59.999000Z
A957	2024-04-15T00:00:00.000000Z	2024-04-15T23:59:59.999000Z
A901	2024-04-15T00:00:00.000000Z	2024-04-15T23:59:59.999000Z
A350	2024-04-15T00:00:00.000000Z	2024-04-15T23:59:59.999000Z
A322	2024-04-15T00:00:00.000000Z	2024-04-15T23:59:59.999000Z
A957	2024-04-16T00:00:00.000000Z	2024-04-16T23:59:59.999000Z
A901	2024-04-16T00:00:00.000000Z	2024-04-16T23:59:59.999000Z
A350	2024-04-16T00:00:00.000000Z	2024-04-16T23:59:59.999000Z
A322	2024-04-16T00:00:00.000000Z	2024-04-16T23:59:59.999000Z
A957	2024-04-17T00:00:00.000000Z	2024-04-17T23:59:59.999000Z
A901	2024-04-17T00:00:00.000000Z	2024-04-17T23:59:59.999000Z
A350	2024-04-17T00:00:00.000000Z	2024-04-17T23:59:59.999000Z
A322	2024-04-17T00:00:00.000000Z	2024-04-17T23:59:59.999000Z
A957	2024-04-18T00:00:00.000000Z	2024-04-18T23:59:59.999000Z
A901	2024-04-18T00:00:00.000000Z	2024-04-18T23:59:59.999000Z
A350	2024-04-18T00:00:00.000000Z	2024-04-18T23:59:59.999000Z
A322	2024-04-18T00:00:00.000000Z	2024-04-18T23:59:59.999000Z
A957	2024-04-19T00:00:00.000000Z	2024-04-19T23:59:59.999000Z
A901	2024-04-19T00:00:00.000000Z	2024-04-19T23:59:59.999000Z
A350	2024-04-19T00:00:00.000000Z	2024-04-19T23:59:59.999000Z
A322	2024-04-19T00:00:00.000000Z	2024-04-19T23:59:59.999000Z
A957	2024-04-20T00:00:00.000000Z	2024-04-20T23:59:59.999000Z
A901	2024-04-20T00:00:00.000000Z	2024-04-20T23:59:59.999000Z
A350	2024-04-20T00:00:00.000000Z	2024-04-20T23:59:59.999000Z
A322	2024-04-20T00:00:00.000000Z	2024-04-20T23:59:59.999000Z
A957	2024-04-21T00:00:00.000000Z	2024-04-21T23:59:59.999000Z
A901	2024-04-21T00:00:00.000000Z	2024-04-21T23:59:59.999000Z
A350	2024-04-21T00:00:00.000000Z	2024-04-21T23:59:59.999000Z
A322	2024-04-21T00:00:00.000000Z	2024-04-21T23:59:59.999000Z
A957	2024-04-22T00:00:00.000000Z	2024-04-22T23:59:59.999000Z
A901	2024-04-22T00:00:00.000000Z	2024-04-22T23:59:59.999000Z
A350	2024-04-22T00:00:00.000000Z	2024-04-22T23:59:59.999000Z
A322	2024-04-22T00:00:00.000000Z	2024-04-22T06:39:59.999000Z
A322	2024-04-22T06:50:00.000000Z	2024-04-22T23:59:59.999000Z
A957	2024-04-23T00:00:00.000000Z	2024-04-23T23:59:59.999000Z
A901	2024-04-23T00:00:00.000000Z	2024-04-23T23:59:59.999000Z
A350	2024-04-23T00:00:00.000000Z	2024-04-23T23:59:59.999000Z
A322	2024-04-23T00:00:00.000000Z	2024-04-23T23:59:59.999000Z
A957	2024-04-24T00:00:00.000000Z	2024-04-24T23:59:59.999000Z
A901	2024-04-24T00:00:00.000000Z	2024-04-24T23:59:59.999000Z
A350	2024-04-24T00:00:00.000000Z	2024-04-24T23:59:59.999000Z
A322	2024-04-24T00:00:00.000000Z	2024-04-24T23:59:59.999000Z
A957	2024-04-25T00:00:00.000000Z	2024-04-25T23:59:59.999000Z
A901	2024-04-25T00:00:00.000000Z	2024-04-25T23:59:59.999000Z
A350	2024-04-25T00:00:00.000000Z	2024-04-25T23:59:59.999000Z
A322	2024-04-25T00:00:00.000000Z	2024-04-25T23:59:59.999000Z
A957	2024-04-26T00:00:00.000000Z	2024-04-26T23:59:59.999000Z
A901	2024-04-26T00:00:00.000000Z	2024-04-26T23:59:59.999000Z
A350	2024-04-26T00:00:00.000000Z	2024-04-26T23:59:59.999000Z
A322	2024-04-26T00:00:00.000000Z	2024-04-26T23:59:59.999000Z
A957	2024-04-27T00:00:00.000000Z	2024-04-27T23:59:59.999000Z
A901	2024-04-27T00:00:00.000000Z	2024-04-27T23:59:59.999000Z
A350	2024-04-27T00:00:00.000000Z	2024-04-27T23:59:59.999000Z
A322	2024-04-27T00:00:00.000000Z	2024-04-27T23:59:59.999000Z
A957	2024-04-28T00:00:00.000000Z	2024-04-28T23:59:59.999000Z
A901	2024-04-28T00:00:00.000000Z	2024-04-28T23:59:59.999000Z
A350	2024-04-28T00:00:00.000000Z	2024-04-28T23:59:59.999000Z
A322	2024-04-28T00:00:00.000000Z	2024-04-28T23:59:59.999000Z
A957	2024-04-29T00:00:00.000000Z	2024-04-29T23:59:59.999000Z
A901	2024-04-29T00:00:00.000000Z	2024-04-29T23:59:59.999000Z
A350	2024-04-29T00:00:00.000000Z	2024-04-29T23:59:59.999000Z
A322	2024-04-29T00:00:00.000000Z	2024-04-29T23:59:59.999000Z
A957	2024-04-30T00:00:00.000000Z	2024-04-30T23:59:59.999000Z
A901	2024-04-30T00:00:00.000000Z	2024-04-30T23:59:59.999000Z
A350	2024-04-30T00:00:00.000000Z	2024-04-30T23:59:59.999000Z
A322	2024-04-30T00:00:00.000000Z	2024-04-30T23:59:59.999000Z
A957	2024-05-01T00:00:00.000000Z	2024-05-01T23:59:59.999000Z
A901	2024-05-01T00:00:00.000000Z	2024-05-01T23:59:59.999000Z
A350	2024-05-01T00:00:00.000000Z	2024-05-01T23:59:59.999000Z
A322	2024-05-01T00:00:00.000000Z	2024-05-01T23:59:59.999000Z
A957	2024-05-02T00:00:00.000000Z	2024-05-02T09:09:59.999000Z
A901	2024-05-02T00:00:00.000000Z	2024-05-02T09:09:59.999000Z
A350	2024-05-02T00:00:00.000000Z	2024-05-02T09:09:59.999000Z
A322	2024-05-02T00:00:00.000000Z	2024-05-02T09:09:59.999000Z
A957	2024-05-02T12:10:00.000000Z	2024-05-02T12:14:59.999000Z
A901	2024-05-02T12:10:00.000000Z	2024-05-02T12:14:59.999000Z
A350	2024-05-02T12:10:00.000000Z	2024-05-02T23:59:59.999000Z
A322	2024-05-02T12:10:00.000000Z	2024-05-02T12:14:59.999000Z
A957	2024-05-02T12:20:00.000000Z	2024-05-02T23:59:59.999000Z
A901	2024-05-02T12:20:00.000000Z	2024-05-02T23:59:59.999000Z
A322	2024-05-02T12:25:00.000000Z	2024-05-02T23:59:59.999000Z
A957	2024-05-03T00:00:00.000000Z	2024-05-03T23:59:59.999000Z
A901	2024-05-03T00:00:00.000000Z	2024-05-03T23:59:59.999000Z
A350	2024-05-03T00:00:00.000000Z	2024-05-03T23:59:59.999000Z
A322	2024-05-03T00:00:00.000000Z	2024-05-03T23:59:59.999000Z
A957	2024-05-04T00:00:00.000000Z	2024-05-04T23:59:59.999000Z
A901	2024-05-04T00:00:00.000000Z	2024-05-04T23:59:59.999000Z
A350	2024-05-04T00:00:00.000000Z	2024-05-04T23:59:59.999000Z
A322	2024-05-04T00:00:00.000000Z	2024-05-04T23:59:59.999000Z
A957	2024-05-05T00:00:00.000000Z	2024-05-05T00:29:59.999000Z
A901	2024-05-05T00:00:00.000000Z	2024-05-05T00:29:59.999000Z
A350	2024-05-05T00:00:00.000000Z	2024-05-05T00:29:59.999000Z
A322	2024-05-05T00:00:00.000000Z	2024-05-05T00:29:59.999000Z
A957	2024-05-05T00:35:00.000000Z	2024-05-05T23:59:59.999000Z
A901	2024-05-05T00:35:00.000000Z	2024-05-05T23:59:59.999000Z
A350	2024-05-05T00:35:00.000000Z	2024-05-05T23:59:59.999000Z
A322	2024-05-05T00:35:00.000000Z	2024-05-05T23:59:59.999000Z
A957	2024-05-06T00:00:00.000000Z	2024-05-06T23:59:59.999000Z
A901	2024-05-06T00:00:00.000000Z	2024-05-06T23:59:59.999000Z
A350	2024-05-06T00:00:00.000000Z	2024-05-06T23:59:59.999000Z
A322	2024-05-06T00:00:00.000000Z	2024-05-06T23:59:59.999000Z
A957	2024-05-07T00:00:00.000000Z	2024-05-07T23:59:59.999000Z
A901	2024-05-07T00:00:00.000000Z	2024-05-07T23:59:59.999000Z
A350	2024-05-07T00:00:00.000000Z	2024-05-07T23:59:59.999000Z
A322	2024-05-07T00:00:00.000000Z	2024-05-07T23:59:59.999000Z
A957	2024-05-08T00:00:00.000000Z	2024-05-08T23:59:59.999000Z
A901	2024-05-08T00:00:00.000000Z	2024-05-08T23:59:59.999000Z
A350	2024-05-08T00:00:00.000000Z	2024-05-08T23:59:59.999000Z
A322	2024-05-08T00:00:00.000000Z	2024-05-08T23:59:59.999000Z
A957	2024-05-09T00:00:00.000000Z	2024-05-09T23:59:59.999000Z
A901	2024-05-09T00:00:00.000000Z	2024-05-09T23:59:59.999000Z
A350	2024-05-09T00:00:00.000000Z	2024-05-09T23:59:59.999000Z
A322	2024-05-09T00:00:00.000000Z	2024-05-09T23:59:59.999000Z
A957	2024-05-10T00:00:00.000000Z	2024-05-10T23:59:59.999000Z
A901	2024-05-10T00:00:00.000000Z	2024-05-10T23:59:59.999000Z
A350	2024-05-10T00:00:00.000000Z	2024-05-10T23:59:59.999000Z
A322	2024-05-10T00:00:00.000000Z	2024-05-10T23:59:59.999000Z
A957	2024-05-11T00:00:00.000000Z	2024-05-11T23:59:59.999000Z
A901	2024-05-11T00:00:00.000000Z	2024-05-11T23:59:59.999000Z
A350	2024-05-11T00:00:00.000000Z	2024-05-11T23:59:59.999000Z
A322	2024-05-11T00:00:00.000000Z	2024-05-11T23:59:59.999000Z
A957	2024-05-12T00:00:00.000000Z	2024-05-12T23:59:59.999000Z
A901	2024-05-12T00:00:00.000000Z	2024-05-12T23:59:59.999000Z
A350	2024-05-12T00:00:00.000000Z	2024-05-12T23:59:59.999000Z
A322	2024-05-12T00:00:00.000000Z	2024-05-12T23:59:59.999000Z
A957	2024-05-13T00:00:00.000000Z	2024-05-13T23:59:59.999000Z
A901	2024-05-13T00:00:00.000000Z	2024-05-13T23:59:59.999000Z
A350	2024-05-13T00:00:00.000000Z	2024-05-13T23:59:59.999000Z
A322	2024-05-13T00:00:00.000000Z	2024-05-13T23:59:59.999000Z
A957	2024-05-14T00:00:00.000000Z	2024-05-14T23:59:59.999000Z
A901	2024-05-14T00:00:00.000000Z	2024-05-14T23:59:59.999000Z
A350	2024-05-14T00:00:00.000000Z	2024-05-14T23:59:59.999000Z
A322	2024-05-14T00:00:00.000000Z	2024-05-14T23:59:59.999000Z
A957	2024-05-15T00:00:00.000000Z	2024-05-15T23:59:59.999000Z
A901	2024-05-15T00:00:00.000000Z	2024-05-15T23:59:59.999000Z
A350	2024-05-15T00:00:00.000000Z	2024-05-15T23:59:59.999000Z
A322	2024-05-15T00:00:00.000000Z	2024-05-15T23:59:59.999000Z
A957	2024-05-16T00:00:00.000000Z	2024-05-16T23:59:59.999000Z
A901	2024-05-16T00:00:00.000000Z	2024-05-16T23:59:59.999000Z
A350	2024-05-16T00:00:00.000000Z	2024-05-16T23:59:59.999000Z
A322	2024-05-16T00:00:00.000000Z	2024-05-16T23:59:59.999000Z
A957	2024-05-17T00:00:00.000000Z	2024-05-17T23:59:59.999000Z
A901	2024-05-17T00:00:00.000000Z	2024-05-17T23:59:59.999000Z
A350	2024-05-17T00:00:00.000000Z	2024-05-17T23:59:59.999000Z
A322	2024-05-17T00:00:00.000000Z	2024-05-17T23:59:59.999000Z
A957	2024-05-18T00:00:00.000000Z	2024-05-18T23:59:59.999000Z
A901	2024-05-18T00:00:00.000000Z	2024-05-18T23:59:59.999000Z
A350	2024-05-18T00:00:00.000000Z	2024-05-18T23:59:59.999000Z
A322	2024-05-18T00:00:00.000000Z	2024-05-18T23:59:59.999000Z
A957	2024-05-19T00:00:00.000000Z	2024-05-19T23:59:59.999000Z
A901	2024-05-19T00:00:00.000000Z	2024-05-19T23:59:59.999000Z
A350	2024-05-19T00:00:00.000000Z	2024-05-19T23:59:59.999000Z
A322	2024-05-19T00:00:00.000000Z	2024-05-19T23:59:59.999000Z
A957	2024-05-20T00:00:00.000000Z	2024-05-20T23:59:59.999000Z
A901	2024-05-20T00:00:00.000000Z	2024-05-20T23:59:59.999000Z
A350	2024-05-20T00:00:00.000000Z	2024-05-20T23:59:59.999000Z
A322	2024-05-20T00:00:00.000000Z	2024-05-20T23:59:59.999000Z
A957	2024-05-21T00:00:00.000000Z	2024-05-21T23:59:59.999000Z
A901	2024-05-21T00:00:00.000000Z	2024-05-21T23:59:59.999000Z
A350	2024-05-21T00:00:00.000000Z	2024-05-21T23:59:59.999000Z
A322	2024-05-21T00:00:00.000000Z	2024-05-21T23:59:59.999000Z
A957	2024-05-22T00:00:00.000000Z	2024-05-22T23:59:59.999000Z
A901	2024-05-22T00:00:00.000000Z	2024-05-22T23:59:59.999000Z
A350	2024-05-22T00:00:00.000000Z	2024-05-22T23:59:59.999000Z
A322	2024-05-22T00:00:00.000000Z	2024-05-22T23:59:59.999000Z
A957	2024-05-23T00:00:00.000000Z	2024-05-23T23:59:59.999000Z
A901	2024-05-23T00:00:00.000000Z	2024-05-23T23:59:59.999000Z
A350	2024-05-23T00:00:00.000000Z	2024-05-23T23:59:59.999000Z
A322	2024-05-23T00:00:00.000000Z	2024-05-23T23:59:59.999000Z
A957	2024-05-24T00:00:00.000000Z	2024-05-24T18:04:59.999000Z
A901	2024-05-24T00:00:00.000000Z	2024-05-24T18:04:59.999000Z
A350	2024-05-24T00:00:00.000000Z	2024-05-24T18:04:59.999000Z
A322	2024-05-24T00:00:00.000000Z	2024-05-24T18:04:59.999000Z
A957	2024-05-24T18:10:00.000000Z	2024-05-24T23:59:59.999000Z
A901	2024-05-24T18:10:00.000000Z	2024-05-24T23:59:59.999000Z
A350	2024-05-24T18:10:00.000000Z	2024-05-24T23:59:59.999000Z
A322	2024-05-24T18:10:00.000000Z	2024-05-24T23:59:59.999000Z
A957	2024-05-25T00:00:00.000000Z	2024-05-25T20:24:59.999000Z
A901	2024-05-25T00:00:00.000000Z	2024-05-25T20:24:59.999000Z
A350	2024-05-25T00:00:00.000000Z	2024-05-25T20:24:59.999000Z
A322	2024-05-25T00:00:00.000000Z	2024-05-25T20:34:59.999000Z
A957	2024-05-25T20:30:00.000000Z	2024-05-25T20:34:59.999000Z
A901	2024-05-25T20:30:00.000000Z	2024-05-25T20:34:59.999000Z
A350	2024-05-25T20:30:00.000000Z	2024-05-25T20:34:59.999000Z
A957	2024-05-25T20:40:00.000000Z	2024-05-25T23:59:59.999000Z
A901	2024-05-25T20:40:00.000000Z	2024-05-25T23:59:59.999000Z
A350	2024-05-25T20:40:00.000000Z	2024-05-25T23:59:59.999000Z
A322	2024-05-25T20:40:00.000000Z	2024-05-25T23:59:59.999000Z
A957	2024-05-26T00:00:00.000000Z	2024-05-26T23:59:59.999000Z
A901	2024-05-26T00:00:00.000000Z	2024-05-26T23:59:59.999000Z
A350	2024-05-26T00:00:00.000000Z	2024-05-26T23:59:59.999000Z
A322	2024-05-26T00:00:00.000000Z	2024-05-26T23:59:59.999000Z
A957	2024-05-27T00:00:00.000000Z	2024-05-27T23:59:59.999000Z
A901	2024-05-27T00:00:00.000000Z	2024-05-27T23:59:59.999000Z
A350	2024-05-27T00:00:00.000000Z	2024-05-27T23:59:59.999000Z
A322	2024-05-27T00:00:00.000000Z	2024-05-27T23:59:59.999000Z
A957	2024-05-28T00:00:00.000000Z	2024-05-28T23:59:59.999000Z
A901	2024-05-28T00:00:00.000000Z	2024-05-28T23:59:59.999000Z
A350	2024-05-28T00:00:00.000000Z	2024-05-28T23:59:59.999000Z
A322	2024-05-28T00:00:00.000000Z	2024-05-28T23:59:59.999000Z
A957	2024-05-29T00:00:00.000000Z	2024-05-29T23:59:59.999000Z
A901	2024-05-29T00:00:00.000000Z	2024-05-29T23:59:59.999000Z
A350	2024-05-29T00:00:00.000000Z	2024-05-29T23:59:59.999000Z
A322	2024-05-29T00:00:00.000000Z	2024-05-29T23:59:59.999000Z
A957	2024-05-30T00:00:00.000000Z	2024-05-30T23:59:59.999000Z
A901	2024-05-30T00:00:00.000000Z	2024-05-30T23:59:59.999000Z
A350	2024-05-30T00:00:00.000000Z	2024-05-30T23:59:59.999000Z
A322	2024-05-30T00:00:00.000000Z	2024-05-30T23:59:59.999000Z
A957	2024-05-31T00:00:00.000000Z	2024-05-31T23:59:59.999000Z
A901	2024-05-31T00:00:00.000000Z	2024-05-31T23:59:59.999000Z
A350	2024-05-31T00:00:00.000000Z	2024-05-31T23:59:59.999000Z
A322	2024-05-31T00:00:00.000000Z	2024-05-31T23:59:59.999000Z
A957	2024-06-01T00:00:00.000000Z	2024-06-01T23:59:59.999000Z
A901	2024-06-01T00:00:00.000000Z	2024-06-01T23:59:59.999000Z
A350	2024-06-01T00:00:00.000000Z	2024-06-01T23:59:59.999000Z
A322	2024-06-01T00:00:00.000000Z	2024-06-01T23:59:59.999000Z
A957	2024-06-02T00:00:00.000000Z	2024-06-02T23:59:59.999000Z
A901	2024-06-02T00:00:00.000000Z	2024-06-02T23:59:59.999000Z
A350	2024-06-02T00:00:00.000000Z	2024-06-02T23:59:59.999000Z
A322	2024-06-02T00:00:00.000000Z	2024-06-02T23:59:59.999000Z
A957	2024-06-03T00:00:00.000000Z	2024-06-03T23:59:59.999000Z
A901	2024-06-03T00:00:00.000000Z	2024-06-03T23:59:59.999000Z
A350	2024-06-03T00:00:00.000000Z	2024-06-03T23:59:59.999000Z
A322	2024-06-03T00:00:00.000000Z	2024-06-03T23:59:59.999000Z
A957	2024-06-04T00:00:00.000000Z	2024-06-04T23:59:59.999000Z
A901	2024-06-04T00:00:00.000000Z	2024-06-04T23:59:59.999000Z
A350	2024-06-04T00:00:00.000000Z	2024-06-04T23:59:59.999000Z
A322	2024-06-04T00:00:00.000000Z	2024-06-04T23:59:59.999000Z
A957	2024-06-05T00:00:00.000000Z	2024-06-05T23:59:59.999000Z
A901	2024-06-05T00:00:00.000000Z	2024-06-05T23:59:59.999000Z
A350	2024-06-05T00:00:00.000000Z	2024-06-05T23:59:59.999000Z
A322	2024-06-05T00:00:00.000000Z	2024-06-05T23:59:59.999000Z
A957	2024-06-06T00:00:00.000000Z	2024-06-06T23:59:59.999000Z
A901	2024-06-06T00:00:00.000000Z	2024-06-06T23:59:59.999000Z
A350	2024-06-06T00:00:00.000000Z	2024-06-06T23:59:59.999000Z
A322	2024-06-06T00:00:00.000000Z	2024-06-06T23:59:59.999000Z
A957	2024-06-07T00:00:00.000000Z	2024-06-07T23:59:59.999000Z
A901	2024-06-07T00:00:00.000000Z	2024-06-07T23:59:59.999000Z
A350	2024-06-07T00:00:00.000000Z	2024-06-07T23:59:59.999000Z
A322	2024-06-07T00:00:00.000000Z	2024-06-07T23:59:59.999000Z
A957	2024-06-08T00:00:00.000000Z	2024-06-08T23:59:59.999000Z
A901	2024-06-08T00:00:00.000000Z	2024-06-08T23:59:59.999000Z
A350	2024-06-08T00:00:00.000000Z	2024-06-08T23:59:59.999000Z
A322	2024-06-08T00:00:00.000000Z	2024-06-08T23:59:59.999000Z
A957	2024-06-09T00:00:00.000000Z	2024-06-09T23:59:59.999000Z
A901	2024-06-09T00:00:00.000000Z	2024-06-09T23:59:59.999000Z
A350	2024-06-09T00:00:00.000000Z	2024-06-09T23:59:59.999000Z
A322	2024-06-09T00:00:00.000000Z	2024-06-09T23:59:59.999000Z
A957	2024-06-10T00:00:00.000000Z	2024-06-10T23:59:59.999000Z
A901	2024-06-10T00:00:00.000000Z	2024-06-10T23:59:59.999000Z
A350	2024-06-10T00:00:00.000000Z	2024-06-10T23:59:59.999000Z
A322	2024-06-10T00:00:00.000000Z	2024-06-10T23:59:59.999000Z
A957	2024-06-11T00:00:00.000000Z	2024-06-11T23:59:59.999000Z
A901	2024-06-11T00:00:00.000000Z	2024-06-11T23:59:59.999000Z
A350	2024-06-11T00:00:00.000000Z	2024-06-11T23:59:59.999000Z
A322	2024-06-11T00:00:00.000000Z	2024-06-11T23:59:59.999000Z
A957	2024-06-12T00:00:00.000000Z	2024-06-12T23:59:59.999000Z
A901	2024-06-12T00:00:00.000000Z	2024-06-12T23:59:59.999000Z
A350	2024-06-12T00:00:00.000000Z	2024-06-12T23:59:59.999000Z
A322	2024-06-12T00:00:00.000000Z	2024-06-12T23:59:59.999000Z
A957	2024-06-13T00:00:00.000000Z	2024-06-13T09:04:59.999000Z
A901	2024-06-13T00:00:00.000000Z	2024-06-13T09:04:59.999000Z
A350	2024-06-13T00:00:00.000000Z	2024-06-13T09:04:59.999000Z
A322	2024-06-13T00:00:00.000000Z	2024-06-13T09:04:59.999000Z
A957	2024-06-13T09:35:00.000000Z	2024-06-13T09:49:59.999000Z
A901	2024-06-13T09:35:00.000000Z	2024-06-13T09:49:59.999000Z
A350	2024-06-13T09:35:00.000000Z	2024-06-13T09:49:59.999000Z
A957	2024-06-13T09:55:00.000000Z	2024-06-13T23:59:59.999000Z
A901	2024-06-13T09:55:00.000000Z	2024-06-13T23:59:59.999000Z
A350	2024-06-13T09:55:00.000000Z	2024-06-13T23:59:59.999000Z
A322	2024-06-13T09:55:00.000000Z	2024-06-13T23:59:59.999000Z
A957	2024-06-14T00:00:00.000000Z	2024-06-14T23:59:59.999000Z
A901	2024-06-14T00:00:00.000000Z	2024-06-14T23:59:59.999000Z
A350	2024-06-14T00:00:00.000000Z	2024-06-14T23:59:59.999000Z
A322	2024-06-14T00:00:00.000000Z	2024-06-14T23:59:59.999000Z
A957	2024-06-15T00:00:00.000000Z	2024-06-15T23:59:59.999000Z
A901	2024-06-15T00:00:00.000000Z	2024-06-15T23:59:59.999000Z
A350	2024-06-15T00:00:00.000000Z	2024-06-15T23:59:59.999000Z
A322	2024-06-15T00:00:00.000000Z	2024-06-15T23:59:59.999000Z
A957	2024-06-16T00:00:00.000000Z	2024-06-16T23:59:59.999000Z
A901	2024-06-16T00:00:00.000000Z	2024-06-16T23:59:59.999000Z
A350	2024-06-16T00:00:00.000000Z	2024-06-16T23:59:59.999000Z
A322	2024-06-16T00:00:00.000000Z	2024-06-16T23:59:59.999000Z
A957	2024-06-17T00:00:00.000000Z	2024-06-17T23:59:59.999000Z
A901	2024-06-17T00:00:00.000000Z	2024-06-17T23:59:59.999000Z
A350	2024-06-17T00:00:00.000000Z	2024-06-17T23:59:59.999000Z
A322	2024-06-17T00:00:00.000000Z	2024-06-17T23:59:59.999000Z
A957	2024-06-18T00:00:00.000000Z	2024-06-18T23:59:59.999000Z
A901	2024-06-18T00:00:00.000000Z	2024-06-18T23:59:59.999000Z
A350	2024-06-18T00:00:00.000000Z	2024-06-18T23:59:59.999000Z
A322	2024-06-18T00:00:00.000000Z	2024-06-18T23:59:59.999000Z
A957	2024-06-19T00:00:00.000000Z	2024-06-19T23:59:59.999000Z
A901	2024-06-19T00:00:00.000000Z	2024-06-19T23:59:59.999000Z
A350	2024-06-19T00:00:00.000000Z	2024-06-19T23:59:59.999000Z
A322	2024-06-19T00:00:00.000000Z	2024-06-19T23:59:59.999000Z
A957	2024-06-20T00:00:00.000000Z	2024-06-20T23:59:59.999000Z
A901	2024-06-20T00:00:00.000000Z	2024-06-20T23:59:59.999000Z
A350	2024-06-20T00:00:00.000000Z	2024-06-20T23:59:59.999000Z
A322	2024-06-20T00:00:00.000000Z	2024-06-20T23:59:59.999000Z
A957	2024-06-21T00:00:00.000000Z	2024-06-21T23:59:59.999000Z
A901	2024-06-21T00:00:00.000000Z	2024-06-21T23:59:59.999000Z
A350	2024-06-21T00:00:00.000000Z	2024-06-21T23:59:59.999000Z
A322	2024-06-21T00:00:00.000000Z	2024-06-21T23:59:59.999000Z
A957	2024-06-22T00:00:00.000000Z	2024-06-22T23:59:59.999000Z
A901	2024-06-22T00:00:00.000000Z	2024-06-22T23:59:59.999000Z
A350	2024-06-22T00:00:00.000000Z	2024-06-22T23:59:59.999000Z
A322	2024-06-22T00:00:00.000000Z	2024-06-22T23:59:59.999000Z
A957	2024-06-23T00:00:00.000000Z	2024-06-23T23:59:59.999000Z
A901	2024-06-23T00:00:00.000000Z	2024-06-23T23:59:59.999000Z
A350	2024-06-23T00:00:00.000000Z	2024-06-23T23:59:59.999000Z
A322	2024-06-23T00:00:00.000000Z	2024-06-23T23:59:59.999000Z
A957	2024-06-24T00:00:00.000000Z	2024-06-24T23:59:59.999000Z
A901	2024-06-24T00:00:00.000000Z	2024-06-24T23:59:59.999000Z
A350	2024-06-24T00:00:00.000000Z	2024-06-24T23:59:59.999000Z
A322	2024-06-24T00:00:00.000000Z	2024-06-24T23:59:59.999000Z
A957	2024-06-25T00:00:00.000000Z	2024-06-25T23:59:59.999000Z
A901	2024-06-25T00:00:00.000000Z	2024-06-25T23:59:59.999000Z
A350	2024-06-25T00:00:00.000000Z	2024-06-25T23:59:59.999000Z
A322	2024-06-25T00:00:00.000000Z	2024-06-25T23:59:59.999000Z
A957	2024-06-26T00:00:00.000000Z	2024-06-26T23:59:59.999000Z
A901	2024-06-26T00:00:00.000000Z	2024-06-26T23:59:59.999000Z
A350	2024-06-26T00:00:00.000000Z	2024-06-26T23:59:59.999000Z
A322	2024-06-26T00:00:00.000000Z	2024-06-26T23:59:59.999000Z
A957	2024-06-27T00:00:00.000000Z	2024-06-27T23:59:59.999000Z
A901	2024-06-27T00:00:00.000000Z	2024-06-27T23:59:59.999000Z
A350	2024-06-27T00:00:00.000000Z	2024-06-27T23:59:59.999000Z
A322	2024-06-27T00:00:00.000000Z	2024-06-27T23:59:59.999000Z
A957	2024-06-28T00:00:00.000000Z	2024-06-28T23:59:59.999000Z
A901	2024-06-28T00:00:00.000000Z	2024-06-28T23:59:59.999000Z
A350	2024-06-28T00:00:00.000000Z	2024-06-28T23:59:59.999000Z
A322	2024-06-28T00:00:00.000000Z	2024-06-28T23:59:59.999000Z
A957	2024-06-29T00:00:00.000000Z	2024-06-29T23:59:59.999000Z
A901	2024-06-29T00:00:00.000000Z	2024-06-29T23:59:59.999000Z
A350	2024-06-29T00:00:00.000000Z	2024-06-29T23:59:59.999000Z
A322	2024-06-29T00:00:00.000000Z	2024-06-29T23:59:59.999000Z
A957	2024-06-30T00:00:00.000000Z	2024-06-30T23:59:59.999000Z
A901	2024-06-30T00:00:00.000000Z	2024-06-30T23:59:59.999000Z
A350	2024-06-30T00:00:00.000000Z	2024-06-30T23:59:59.999000Z
A322	2024-06-30T00:00:00.000000Z	2024-06-30T23:59:59.999000Z
A957	2024-07-01T00:00:00.000000Z	2024-07-01T23:59:59.999000Z
A901	2024-07-01T00:00:00.000000Z	2024-07-01T23:59:59.999000Z
A350	2024-07-01T00:00:00.000000Z	2024-07-01T23:59:59.999000Z
A322	2024-07-01T00:00:00.000000Z	2024-07-01T23:59:59.999000Z
A957	2024-07-02T00:00:00.000000Z	2024-07-02T12:54:59.999000Z
A901	2024-07-02T00:00:00.000000Z	2024-07-02T12:54:59.999000Z
A350	2024-07-02T00:00:00.000000Z	2024-07-02T12:54:59.999000Z
A322	2024-07-02T00:00:00.000000Z	2024-07-02T12:54:59.999000Z
A957	2024-07-02T13:00:00.000000Z	2024-07-02T23:59:59.999000Z
A901	2024-07-02T13:00:00.000000Z	2024-07-02T23:59:59.999000Z
A350	2024-07-02T13:00:00.000000Z	2024-07-02T23:59:59.999000Z
A322	2024-07-02T13:00:00.000000Z	2024-07-02T23:59:59.999000Z
A957	2024-07-03T00:00:00.000000Z	2024-07-03T23:59:59.999000Z
A901	2024-07-03T00:00:00.000000Z	2024-07-03T23:59:59.999000Z
A350	2024-07-03T00:00:00.000000Z	2024-07-03T23:59:59.999000Z
A322	2024-07-03T00:00:00.000000Z	2024-07-03T23:59:59.999000Z
A957	2024-07-04T00:00:00.000000Z	2024-07-04T23:59:59.999000Z
A901	2024-07-04T00:00:00.000000Z	2024-07-04T23:59:59.999000Z
A350	2024-07-04T00:00:00.000000Z	2024-07-04T23:59:59.999000Z
A322	2024-07-04T00:00:00.000000Z	2024-07-04T23:59:59.999000Z
A957	2024-07-05T00:00:00.000000Z	2024-07-05T23:59:59.999000Z
A901	2024-07-05T00:00:00.000000Z	2024-07-05T23:59:59.999000Z
A350	2024-07-05T00:00:00.000000Z	2024-07-05T23:59:59.999000Z
A322	2024-07-05T00:00:00.000000Z	2024-07-05T23:59:59.999000Z
A901	2024-07-06T00:05:00.000000Z	2024-07-06T00:14:59.999000Z
A322	2024-07-06T00:05:00.000000Z	2024-07-06T00:14:59.999000Z
A350	2024-07-06T00:10:00.000000Z	2024-07-06T01:59:59.999000Z
A957	2024-07-06T02:15:00.000000Z	2024-07-06T02:19:59.999000Z
A901	2024-07-06T02:30:00.000000Z	2024-07-06T03:14:59.999000Z
A322	2024-07-06T02:30:00.000000Z	2024-07-06T03:14:59.999000Z
A322	2024-07-06T03:20:00.000000Z	2024-07-06T04:44:59.999000Z
A957	2024-07-06T03:25:00.000000Z	2024-07-06T03:54:59.999000Z
A901	2024-07-06T06:50:00.000000Z	2024-07-06T07:19:59.999000Z
A350	2024-07-06T07:00:00.000000Z	2024-07-06T07:19:59.999000Z
A901	2024-07-06T07:25:00.000000Z	2024-07-06T23:59:59.999000Z
A350	2024-07-06T07:25:00.000000Z	2024-07-06T23:59:59.999000Z
A957	2024-07-06T07:30:00.000000Z	2024-07-06T23:59:59.999000Z
A322	2024-07-06T07:30:00.000000Z	2024-07-06T07:39:59.999000Z
A322	2024-07-06T07:45:00.000000Z	2024-07-06T07:54:59.999000Z
A322	2024-07-06T08:00:00.000000Z	2024-07-06T23:59:59.999000Z
A957	2024-07-07T00:00:00.000000Z	2024-07-07T23:59:59.999000Z
A901	2024-07-07T00:00:00.000000Z	2024-07-07T23:59:59.999000Z
A350	2024-07-07T00:00:00.000000Z	2024-07-07T23:59:59.999000Z
A322	2024-07-07T00:00:00.000000Z	2024-07-07T23:59:59.999000Z
A957	2024-07-08T00:00:00.000000Z	2024-07-08T23:09:59.999000Z
A901	2024-07-08T00:00:00.000000Z	2024-07-08T23:09:59.999000Z
A350	2024-07-08T00:00:00.000000Z	2024-07-08T23:09:59.999000Z
A322	2024-07-08T00:00:00.000000Z	2024-07-08T23:09:59.999000Z
A957	2024-07-09T01:40:00.000000Z	2024-07-09T23:59:59.999000Z
A901	2024-07-09T01:40:00.000000Z	2024-07-09T23:59:59.999000Z
A350	2024-07-09T01:40:00.000000Z	2024-07-09T23:59:59.999000Z
A322	2024-07-09T01:40:00.000000Z	2024-07-09T23:59:59.999000Z
A957	2024-07-10T00:00:00.000000Z	2024-07-10T15:29:59.999000Z
A901	2024-07-10T00:00:00.000000Z	2024-07-10T15:29:59.999000Z
A350	2024-07-10T00:00:00.000000Z	2024-07-10T15:29:59.999000Z
A322	2024-07-10T00:00:00.000000Z	2024-07-10T15:29:59.999000Z
A957	2024-07-10T15:40:00.000000Z	2024-07-10T23:59:59.999000Z
A901	2024-07-10T15:40:00.000000Z	2024-07-10T23:59:59.999000Z
A350	2024-07-10T15:40:00.000000Z	2024-07-10T23:59:59.999000Z
A322	2024-07-10T15:40:00.000000Z	2024-07-10T23:59:59.999000Z
A957	2024-07-11T00:00:00.000000Z	2024-07-11T23:59:59.999000Z
A901	2024-07-11T00:00:00.000000Z	2024-07-11T23:59:59.999000Z
A350	2024-07-11T00:00:00.000000Z	2024-07-11T23:59:59.999000Z
A322	2024-07-11T00:00:00.000000Z	2024-07-11T23:59:59.999000Z
A957	2024-07-12T00:00:00.000000Z	2024-07-12T23:59:59.999000Z
A901	2024-07-12T00:00:00.000000Z	2024-07-12T23:59:59.999000Z
A350	2024-07-12T00:00:00.000000Z	2024-07-12T23:59:59.999000Z
A322	2024-07-12T00:00:00.000000Z	2024-07-12T23:59:59.999000Z
A957	2024-07-13T00:00:00.000000Z	2024-07-13T23:59:59.999000Z
A901	2024-07-13T00:00:00.000000Z	2024-07-13T23:59:59.999000Z
A350	2024-07-13T00:00:00.000000Z	2024-07-13T23:59:59.999000Z
A322	2024-07-13T00:00:00.000000Z	2024-07-13T23:59:59.999000Z
A957	2024-07-14T00:00:00.000000Z	2024-07-14T23:59:59.999000Z
A901	2024-07-14T00:00:00.000000Z	2024-07-14T23:59:59.999000Z
A350	2024-07-14T00:00:00.000000Z	2024-07-14T23:59:59.999000Z
A322	2024-07-14T00:00:00.000000Z	2024-07-14T23:59:59.999000Z
A957	2024-07-15T00:00:00.000000Z	2024-07-15T23:59:59.999000Z
A901	2024-07-15T00:00:00.000000Z	2024-07-15T23:59:59.999000Z
A350	2024-07-15T00:00:00.000000Z	2024-07-15T23:59:59.999000Z
A322	2024-07-15T00:00:00.000000Z	2024-07-15T23:59:59.999000Z
A957	2024-07-16T00:00:00.000000Z	2024-07-16T23:59:59.999000Z
A901	2024-07-16T00:00:00.000000Z	2024-07-16T23:59:59.999000Z
A350	2024-07-16T00:00:00.000000Z	2024-07-16T23:59:59.999000Z
A322	2024-07-16T00:00:00.000000Z	2024-07-16T23:59:59.999000Z
A957	2024-07-17T00:00:00.000000Z	2024-07-17T23:59:59.999000Z
A901	2024-07-17T00:00:00.000000Z	2024-07-17T23:59:59.999000Z
A350	2024-07-17T00:00:00.000000Z	2024-07-17T23:59:59.999000Z
A322	2024-07-17T00:00:00.000000Z	2024-07-17T23:59:59.999000Z
A957	2024-07-18T00:00:00.000000Z	2024-07-18T23:59:59.999000Z
A901	2024-07-18T00:00:00.000000Z	2024-07-18T23:59:59.999000Z
A350	2024-07-18T00:00:00.000000Z	2024-07-18T23:59:59.999000Z
A322	2024-07-18T00:00:00.000000Z	2024-07-18T23:59:59.999000Z
A957	2024-07-19T00:00:00.000000Z	2024-07-19T23:59:59.999000Z
A901	2024-07-19T00:00:00.000000Z	2024-07-19T23:59:59.999000Z
A350	2024-07-19T00:00:00.000000Z	2024-07-19T23:59:59.999000Z
A322	2024-07-19T00:00:00.000000Z	2024-07-19T23:59:59.999000Z
A957	2024-07-20T00:00:00.000000Z	2024-07-20T23:59:59.999000Z
A901	2024-07-20T00:00:00.000000Z	2024-07-20T23:59:59.999000Z
A350	2024-07-20T00:00:00.000000Z	2024-07-20T23:59:59.999000Z
A322	2024-07-20T00:00:00.000000Z	2024-07-20T23:59:59.999000Z
A957	2024-07-21T00:00:00.000000Z	2024-07-21T23:59:59.999000Z
A901	2024-07-21T00:00:00.000000Z	2024-07-21T23:59:59.999000Z
A350	2024-07-21T00:00:00.000000Z	2024-07-21T23:59:59.999000Z
A322	2024-07-21T00:00:00.000000Z	2024-07-21T23:59:59.999000Z
A957	2024-07-22T00:00:00.000000Z	2024-07-22T23:59:59.999000Z
A901	2024-07-22T00:00:00.000000Z	2024-07-22T23:59:59.999000Z
A350	2024-07-22T00:00:00.000000Z	2024-07-22T23:59:59.999000Z
A322	2024-07-22T00:00:00.000000Z	2024-07-22T23:59:59.999000Z
A957	2024-07-23T00:00:00.000000Z	2024-07-23T23:59:59.999000Z
A901	2024-07-23T00:00:00.000000Z	2024-07-23T23:59:59.999000Z
A350	2024-07-23T00:00:00.000000Z	2024-07-23T23:59:59.999000Z
A322	2024-07-23T00:00:00.000000Z	2024-07-23T23:59:59.999000Z
A957	2024-07-24T00:00:00.000000Z	2024-07-24T23:59:59.999000Z
A901	2024-07-24T00:00:00.000000Z	2024-07-24T23:59:59.999000Z
A350	2024-07-24T00:00:00.000000Z	2024-07-24T23:59:59.999000Z
A322	2024-07-24T00:00:00.000000Z	2024-07-24T23:59:59.999000Z
A957	2024-07-25T00:00:00.000000Z	2024-07-25T23:59:59.999000Z
A901	2024-07-25T00:00:00.000000Z	2024-07-25T23:59:59.999000Z
A350	2024-07-25T00:00:00.000000Z	2024-07-25T23:59:59.999000Z
A322	2024-07-25T00:00:00.000000Z	2024-07-25T23:59:59.999000Z
A957	2024-07-26T00:00:00.000000Z	2024-07-26T23:59:59.999000Z
A901	2024-07-26T00:00:00.000000Z	2024-07-26T23:59:59.999000Z
A350	2024-07-26T00:00:00.000000Z	2024-07-26T23:59:59.999000Z
A322	2024-07-26T00:00:00.000000Z	2024-07-26T23:59:59.999000Z
A957	2024-07-27T00:00:00.000000Z	2024-07-27T23:59:59.999000Z
A901	2024-07-27T00:00:00.000000Z	2024-07-27T23:59:59.999000Z
A350	2024-07-27T00:00:00.000000Z	2024-07-27T23:59:59.999000Z
A322	2024-07-27T00:00:00.000000Z	2024-07-27T23:59:59.999000Z
A957	2024-07-28T00:00:00.000000Z	2024-07-28T23:59:59.999000Z
A901	2024-07-28T00:00:00.000000Z	2024-07-28T23:59:59.999000Z
A350	2024-07-28T00:00:00.000000Z	2024-07-28T23:59:59.999000Z
A322	2024-07-28T00:00:00.000000Z	2024-07-28T23:59:59.999000Z
A957	2024-07-29T00:00:00.000000Z	2024-07-29T23:59:59.999000Z
A901	2024-07-29T00:00:00.000000Z	2024-07-29T23:59:59.999000Z
A350	2024-07-29T00:00:00.000000Z	2024-07-29T23:59:59.999000Z
A322	2024-07-29T00:00:00.000000Z	2024-07-29T23:59:59.999000Z
A957	2024-07-30T00:00:00.000000Z	2024-07-30T23:59:59.999000Z
A901	2024-07-30T00:00:00.000000Z	2024-07-30T23:59:59.999000Z
A350	2024-07-30T00:00:00.000000Z	2024-07-30T23:59:59.999000Z
A322	2024-07-30T00:00:00.000000Z	2024-07-30T23:59:59.999000Z
A957	2024-07-31T00:00:00.000000Z	2024-07-31T15:09:59.999000Z
A901	2024-07-31T00:00:00.000000Z	2024-07-31T15:09:59.999000Z
A350	2024-07-31T00:00:00.000000Z	2024-07-31T15:09:59.999000Z
A322	2024-07-31T00:00:00.000000Z	2024-07-31T15:09:59.999000Z
A957	2024-07-31T15:25:00.000000Z	2024-07-31T23:59:59.999000Z
A901	2024-07-31T15:25:00.000000Z	2024-07-31T23:59:59.999000Z
A350	2024-07-31T15:25:00.000000Z	2024-07-31T23:59:59.999000Z
A322	2024-07-31T15:25:00.000000Z	2024-07-31T23:59:59.999000Z
A957	2024-08-01T00:00:00.000000Z	2024-08-01T23:59:59.999000Z
A901	2024-08-01T00:00:00.000000Z	2024-08-01T23:59:59.999000Z
A350	2024-08-01T00:00:00.000000Z	2024-08-01T23:59:59.999000Z
A322	2024-08-01T00:00:00.000000Z	2024-08-01T23:59:59.999000Z
A957	2024-08-02T00:00:00.000000Z	2024-08-02T23:59:59.999000Z
A901	2024-08-02T00:00:00.000000Z	2024-08-02T23:59:59.999000Z
A350	2024-08-02T00:00:00.000000Z	2024-08-02T23:59:59.999000Z
A322	2024-08-02T00:00:00.000000Z	2024-08-02T23:59:59.999000Z
A957	2024-08-03T00:00:00.000000Z	2024-08-03T23:59:59.999000Z
A901	2024-08-03T00:00:00.000000Z	2024-08-03T23:59:59.999000Z
A350	2024-08-03T00:00:00.000000Z	2024-08-03T23:59:59.999000Z
A322	2024-08-03T00:00:00.000000Z	2024-08-03T23:59:59.999000Z
A957	2024-08-04T00:00:00.000000Z	2024-08-04T23:59:59.999000Z
A901	2024-08-04T00:00:00.000000Z	2024-08-04T23:59:59.999000Z
A350	2024-08-04T00:00:00.000000Z	2024-08-04T23:59:59.999000Z
A322	2024-08-04T00:00:00.000000Z	2024-08-04T23:59:59.999000Z
A957	2024-08-05T00:00:00.000000Z	2024-08-05T23:59:59.999000Z
A901	2024-08-05T00:00:00.000000Z	2024-08-05T23:59:59.999000Z
A350	2024-08-05T00:00:00.000000Z	2024-08-05T23:59:59.999000Z
A322	2024-08-05T00:00:00.000000Z	2024-08-05T23:59:59.999000Z
A957	2024-08-06T00:00:00.000000Z	2024-08-06T15:04:59.999000Z
A901	2024-08-06T00:00:00.000000Z	2024-08-06T15:04:59.999000Z
A350	2024-08-06T00:00:00.000000Z	2024-08-06T15:04:59.999000Z
A322	2024-08-06T00:00:00.000000Z	2024-08-06T15:04:59.999000Z
A901	2024-08-06T15:35:00.000000Z	2024-08-06T17:54:59.999000Z
A957	2024-08-06T15:45:00.000000Z	2024-08-06T17:54:59.999000Z
A350	2024-08-06T15:50:00.000000Z	2024-08-06T17:54:59.999000Z
A322	2024-08-06T16:10:00.000000Z	2024-08-06T17:54:59.999000Z
A957	2024-08-06T18:10:00.000000Z	2024-08-06T20:19:59.999000Z
A901	2024-08-06T18:10:00.000000Z	2024-08-06T20:19:59.999000Z
A350	2024-08-06T18:10:00.000000Z	2024-08-06T20:19:59.999000Z
A322	2024-08-06T18:40:00.000000Z	2024-08-06T20:19:59.999000Z
A322	2024-08-06T21:00:00.000000Z	2024-08-06T23:59:59.999000Z
A957	2024-08-06T21:05:00.000000Z	2024-08-06T23:59:59.999000Z
A901	2024-08-06T21:05:00.000000Z	2024-08-06T23:59:59.999000Z
A350	2024-08-06T21:05:00.000000Z	2024-08-06T23:59:59.999000Z
A957	2024-08-07T00:00:00.000000Z	2024-08-07T23:59:59.999000Z
A901	2024-08-07T00:00:00.000000Z	2024-08-07T23:59:59.999000Z
A350	2024-08-07T00:00:00.000000Z	2024-08-07T23:59:59.999000Z
A322	2024-08-07T00:00:00.000000Z	2024-08-07T23:59:59.999000Z
A957	2024-08-08T00:00:00.000000Z	2024-08-08T23:59:59.999000Z
A901	2024-08-08T00:00:00.000000Z	2024-08-08T23:59:59.999000Z
A350	2024-08-08T00:00:00.000000Z	2024-08-08T23:59:59.999000Z
A322	2024-08-08T00:00:00.000000Z	2024-08-08T23:59:59.999000Z
A957	2024-08-09T00:00:00.000000Z	2024-08-09T05:29:59.999000Z
A901	2024-08-09T00:00:00.000000Z	2024-08-09T05:29:59.999000Z
A350	2024-08-09T00:00:00.000000Z	2024-08-09T05:29:59.999000Z
A322	2024-08-09T00:00:00.000000Z	2024-08-09T05:29:59.999000Z
